0
0
0.000000000000000944496180018085
0.00000000000000390588192776361
0.00000000000000903075835787896
0.0000000000000165658761903152
0.0000000000000265571942872414
0.0000000000000393917060763121
0.0000000000000549342327877558
0.0000000000000737924751240212
0.000000000000095569573448192
0.000000000000121174531926194
0.000000000000149868295863742
0.000000000000182941474313197
0.000000000000219232295804917
0.000000000000260493821462159
0.000000000000305060260383981
0.000000000000355228621395463
0.000000000000408748084790027
0.000000000000468539798924592
0.000000000000531688191224795
0.000000000000601818108499413
0.000000000000675268413872741
0.000000000000756450312986316
0.000000000000840873973647493
0.000000000000933819405593361
0.00000000000102988543077332
0.00000000000113530392576908
0.00000000000124368035988923
0.00000000000136227899497975
0.00000000000148363238626273
0.00000000000161611444896157
0.000000000001751108330017
0.00000000000189817862997726
0.00000000000204747086208248
0.00000000000220983229510282
0.00000000000237408256901086
0.00000000000255242995700797
0.00000000000273229700968069
0.00000000000292732690839995
0.0000000000031234611956556
0.00000000000333586842209979
0.00000000000354892335397091
0.00000000000377939732775115
0.00000000000401001928904224
0.00000000000425924970023869
0.00000000000450808550986012
0.00000000000477675607034441
0.00000000000504444822358487
0.00000000000533324400054032
0.00000000000562043116316645
0.00000000000593003028799335
0.00000000000623735231797534
0.00000000000656843242101972
0.00000000000689652116893528
0.00000000000724975496330985
0.00000000000759923970901319
0.00000000000797530218929213
0.00000000000834681509979944
0.0000000000087463640296757
0.00000000000914052958593879
0.00000000000956424103356058
0.0000000000099816750244836
0.0000000000104302055880779
0.0000000000108715281709455
0.0000000000113455312039537
0.0000000000118113644423378
0.0000000000123114939603294
0.0000000000128024420002132
0.0000000000133293603378027
0.0000000000138460248077189
0.0000000000144003737430169
0.0000000000149433601050863
0.0000000000155257858343388
0.0000000000160956994837105
0.0000000000167068369823059
0.0000000000173042690568509
0.0000000000179447602691865
0.0000000000185703040393877
0.0000000000192407778219039
0.0000000000198950265543216
0.0000000000205961063090041
0.000000000021279641565752
0.0000000000220119686663737
0.0000000000227253601125259
0.0000000000234895426796865
0.0000000000242333867724038
0.0000000000250300338974577
0.0000000000258048935529759
0.000000000026634631587598
0.0000000000274410662914036
0.0000000000283045036435052
0.0000000000291430910642936
0.0000000000300408225578379
0.0000000000309121101044989
0.000000000031844747832471
0.0000000000327492945010224
0.0000000000337174181960189
0.0000000000346557831023843
0.0000000000356599868855746
0.0000000000366327134754056
0.0000000000376735849639464
0.0000000000386812053722133
0.0000000000397593444136384
0.0000000000408023948986738
0.0000000000419183507221412
0.0000000000429973813720607
0.0000000000441517379131075
0.0000000000452672512438496
0.0000000000464605934621098
0.0000000000476131142686096
0.0000000000488459880692422
0.0000000000500360599594444
0.0000000000513090135875664
0.0000000000525371222413224
0.000000000053850733455763
0.0000000000551173915026037
0.0000000000564721947029312
0.0000000000577779147979962
0.0000000000591744573145005
0.0000000000605197389789588
0.0000000000619585350406952
0.0000000000633438726926415
0.0000000000648254797329629
0.0000000000662513419856179
0.0000000000677763050477784
0.0000000000692431741860059
0.0000000000708119927374109
0.0000000000723203437974109
0.0000000000739335607335343
0.0000000000754838851816489
0.0000000000771419682010863
0.0000000000787347168424965
0.0000000000804382107368704
0.0000000000820738491640263
0.0000000000838232328625952
0.0000000000855022318846053
0.0000000000872980027338056
0.0000000000890207826350286
0.0000000000908634681450204
0.0000000000926304866519125
0.0000000000945205209165142
0.0000000000963322015182037
0.00000000009827010046272
0.000000000100126907008197
0.000000000102113130820453
0.000000000104015458968614
0.000000000106050483293325
0.000000000107998765033638
0.000000000110083050143092
0.000000000112077711202822
0.00000000011421169736062
0.000000000116253127813234
0.000000000118437281986629
0.000000000120525915666255
0.000000000122760694989536
0.000000000124896892344511
0.000000000127182683696086
0.000000000129366895979422
0.000000000131704169053117
0.000000000133936756188721
0.000000000136325945670005
0.000000000138607226764433
0.000000000141048755733796
0.000000000143379163290184
0.00000000014587345099717
0.000000000148253347193162
0.000000000150800771006013
0.000000000153230517747028
0.000000000155831518402696
0.00000000015831143638468
0.000000000160966426041637
0.000000000163496873696043
0.000000000166206211456458
0.000000000168787561175273
0.000000000171551596962298
0.00000000017418421333905
0.000000000177003365756808
0.000000000179687533041998
0.000000000182562162262528
0.00000000018529823525629
0.000000000188228691008412
0.000000000191016970655787
0.000000000194003672513558
0.000000000196844406707922
0.000000000199887670687723
0.000000000202781289341293
0.000000000205881441925749
0.000000000208828145663273
0.000000000211985586320084
0.000000000214985692117857
0.00000000021820069983106
0.000000000221254547487355
0.000000000224527439571456
0.000000000227635212107477
0.000000000230966431631099
0.000000000234128417675652
0.00000000023751814307391
0.000000000240734731275409
0.000000000244183275748613
0.000000000247454596177595
0.000000000250962395715805
0.000000000254288688077386
0.000000000257855902354542
0.000000000261237527884816
0.000000000264864463225448
0.000000000268301607452937
0.00000000027198863432325
0.000000000275481453281392
0.000000000279228772330787
0.000000000282777656976664
0.000000000286585491874149
0.000000000290190528184293
0.00000000029405926049854
0.000000000297720697309117
0.00000000030165050266534
0.000000000305368597258343
0.000000000309359674740635
0.000000000313134584490242
0.000000000317187350896182
0.00000000032101919241502
0.000000000325133805691081
0.000000000329022831601145
0.000000000333199478194164
0.00000000033714589444717
0.000000000341384777225206
0.000000000345388795223883
0.000000000349690151924451
0.000000000353751883066416
0.000000000358115951941771
0.000000000362235453400201
0.000000000366662538706569
0.000000000370840066480918
0.00000000037533021776045
0.000000000379565952961825
0.000000000384119263298112
0.000000000388413446257991
0.000000000393030195295747
0.000000000397382788159371
0.000000000402063225161854
0.000000000406474250445207
0.000000000411218584674157
0.00000000041568838972108
0.000000000420496666808501
0.000000000425025250586238
0.000000000429897605010329
0.000000000434485115707158
0.000000000439421763663944
0.000000000444068244918707
0.000000000449069317472162
0.000000000453774916276339
0.000000000458840623366366
0.00000000046360528710659
0.000000000468735711268567
0.000000000473559599619108
0.000000000478754901912293
0.000000000483638144929298
0.000000000488898192348721
0.000000000493840903765342
0.000000000499166064393241
0.00000000050416819572698
0.000000000509558438895066
0.00000000051462007032427
0.000000000520075602603918
0.000000000525196739598534
0.000000000530717593742313
0.00000000053589824568528
0.000000000541484582679231
0.000000000546724800723323
0.000000000552376593776063
0.000000000557676519851093
0.000000000563393785266977
0.000000000568753390541824
0.000000000574536244846337
0.000000000579955498609301
0.000000000585804050507661
0.000000000591282905707504
0.000000000597197223355885
0.000000000602735662915356
0.000000000608715740716209
0.000000000614313852498604
0.000000000620359748833919
0.00000000062601755477915
0.00000000063212916466896
0.000000000637846549708326
0.000000000644023980949894
0.00000000064980100822705
0.000000000656044273265967
0.000000000661880780520826
0.000000000668189995289902
0.000000000674085952912617
0.00000000068046095034467
0.000000000686416483176167
0.000000000692857322937764
0.000000000698872213871515
0.000000000705378897280255
0.000000000711453056679286
0.000000000718025593518639
0.00000000072415909064206
0.000000000730797440658879
0.000000000736990046760757
0.000000000743694158769773
0.000000000749945818184966
0.000000000756715603811457
0.00000000076302650221045
0.000000000769862022494687
0.00000000077623161730817
0.00000000078313290007714
0.000000000789561165768183
0.00000000079652810134451
0.000000000803015094695203
0.000000000810047441084556
0.000000000816593193317952
0.000000000823691005263725
0.000000000830295165445846
0.00000000083745838335325
0.000000000844120908899548
0.000000000851349385917445
0.000000000858070020903688
0.000000000865363824385471
0.000000000872142470861559
0.000000000879501421854994
0.00000000088633796263902
0.000000000893761903540948
0.000000000900656380761743
0.000000000908145166360011
0.000000000915097179986635
0.000000000922650828585267
0.000000000929660245453876
0.000000000937278554922134
0.000000000944345275492764
0.000000000952028192609007
0.000000000959152026855196
0.000000000966899349268501
0.000000000974080019718222
0.000000000981891722305652
0.00000000098912918742399
0.000000000997004898071464
0.00000000100429896558819
0.00000000101223873088532
0.00000000101958900634049
0.00000000102759270836692
0.00000000103499914770119
0.00000000104306648124839
0.00000000105052888071166
0.0000000010586597412199
0.00000000106617777087842
0.00000000107437209511584
0.00000000108194552580438
0.00000000109020310085433
0.00000000109783164233675
0.00000000110615215327598
0.00000000111383601663834
0.00000000112221928278719
0.00000000112995776185991
0.00000000113840364714096
0.00000000114619670496164
0.00000000115470509415183
0.00000000116255241874207
0.00000000117112283216418
0.00000000117902426352157
0.00000000118765664538297
0.00000000119561188228356
0.00000000120430614469533
0.00000000121231479594673
0.00000000122107078281655
0.00000000122913243073255
0.00000000123794978041994
0.00000000124606444263409
0.00000000125494278352808
0.00000000126311017731958
0.00000000127204948018734
0.00000000128026907785228
0.00000000128926905141402
0.00000000129754090088629
0.00000000130660120179487
0.00000000131492474017749
0.00000000132404520077851
0.00000000133242010174666
0.00000000134160053047509
0.00000000135002663530908
0.00000000135926661523968
0.00000000136774357442734
0.0000000013770430052484
0.00000000138557040971251
0.00000000139492887657011
0.00000000140350659765154
0.00000000141292382928942
0.00000000142155140099755
0.00000000143102718754581
0.00000000143970412943983
0.00000000144923825974474
0.0000000014579645004959
0.00000000146755659013958
0.00000000147633150490995
0.00000000148598139859177
0.000000001494804772716
0.00000000150451209759521
0.00000000151338354041027
0.00000000152314780313054
0.00000000153206714078471
0.00000000154188826906058
0.00000000155085506445221
0.00000000156073256558902
0.00000000156974628934311
0.00000000157967994913259
0.00000000158874051363409
0.00000000159872997863078
0.00000000160783661406958
0.00000000161788181520666
0.00000000162703411383988
0.0000000016371347233466
0.00000000164633265546734
0.00000000165648774476564
0.00000000166573119501342
0.00000000167594066118544
0.00000000168522870453458
0.00000000169549248400454
0.0000000017048248593366
0.00000000171514233583771
0.00000000172451885457402
0.00000000173488983768204
0.00000000174430968806469
0.00000000175473383778442
0.0000000017641971027804
0.00000000177467380919474
0.00000000178417983870334
0.00000000179470889370381
0.00000000180425722917431
0.00000000181483846051957
0.00000000182442868904954
0.00000000183506145701521
0.00000000184469320660557
0.00000000185537739251715
0.00000000186505004626884
0.00000000187578525434498
0.0000000018854985322082
0.00000000189628435867813
0.0000000019060378693114
0.00000000191687365536651
0.00000000192666702854812
0.00000000193755253332423
0.00000000194738534431366
0.00000000195832032356753
0.00000000196819192183509
0.00000000197917582945044
0.00000000198908591595748
0.00000000200011843194136
0.00000000201006649206424
0.00000000202114749009838
0.00000000203113289859238
0.00000000204226158303161
0.00000000205228423444746
0.00000000206346019589464
0.00000000207351953399103
0.00000000208474271491147
0.00000000209483799015413
0.00000000210610775634554
0.00000000211623911500922
0.00000000212755477846992
0.00000000213772125427237
0.00000000214908305232764
0.00000000215928402583063
0.00000000217069114475151
0.00000000218092659662387
0.00000000219237862577929
0.00000000220264792704815
0.00000000221414461042697
0.00000000222444693914022
0.00000000223598803406148
0.00000000224632328251252
0.00000000225790784266811
0.00000000226827562072678
0.00000000227990332062843
0.00000000229030303957801
0.00000000230197361931646
0.00000000231240479848507
0.00000000232411776516835
0.00000000233457994987793
0.00000000234633480225125
0.0000000023568273694132
0.00000000236862385050473
0.00000000237914661665146
0.00000000239098382928036
0.00000000240153611395298
0.00000000241341411026552
0.00000000242399520153799
0.00000000243591372008069
0.00000000244652294481436
0.00000000245848158941784
0.00000000246911884414988
0.00000000248111634789235
0.00000000249178147510031
0.00000000250381786271827
0.00000000251450969469233
0.00000000252658473371617
0.00000000253730308345168
0.00000000254941584458041
0.00000000256016043857301
0.00000000257231078131578
0.0000000025830805988964
0.00000000259526846785695
0.00000000260606301485033
0.00000000261828729710451
0.0000000026291066709657
0.00000000264136677317938
0.00000000265221012528323
0.00000000266450629124516
0.00000000267537293841118
0.00000000268770434416813
0.00000000269859418784914
0.00000000271096006976275
0.00000000272187236667981
0.00000000273427287194438
0.00000000274520689905197
0.00000000275764136380073
0.00000000276859662512933
0.00000000278106459947352
0.00000000279204073313291
0.00000000280454178042731
0.00000000281553844188422
0.00000000282807191031306
0.00000000283908836907961
0.00000000285165392000801
0.00000000286268936405913
0.00000000287528677211584
0.00000000288634154766851
0.00000000289896953335344
0.00000000291004253884525
0.00000000292270161077945
0.00000000293379209741242
0.00000000294648148871543
0.00000000295758937998395
0.00000000297030841284568
0.00000000298143296188763
0.00000000299418138577585
0.00000000300532215238002
0.000000003018099432015
0.00000000302925585397684
0.00000000304206155533027
0.00000000305323290916519
0.0000000030660670360368
0.00000000307725289241793
0.00000000309011406684915
0.00000000310131447614962
0.00000000311420252969996
0.00000000312541651451663
0.00000000313833123786228
0.00000000314955829434251
0.00000000316249900233229
0.00000000317373877936499
0.00000000318670503043906
0.00000000319795672204281
0.00000000321094825095148
0.0000000032222115671771
0.00000000323522778495021
0.00000000324650198380491
0.0000000032595427559544
0.00000000327082705805029
0.00000000328389157904321
0.00000000329518639078666
0.0000000033082737936617
0.00000000331957831260297
0.00000000333268848647301
0.00000000334400158620781
0.00000000335713484475613
0.00000000336845623121031
0.00000000338161112463039
0.00000000339294083070609
0.00000000340611686518464
0.00000000341745409162301
0.00000000343065146226541
0.00000000344199526508857
0.00000000345521310114126
0.00000000346656310011309
0.00000000347980189922136
0.00000000349115760022577
0.00000000350441572216556
0.00000000351577705433077
0.00000000352905421242771
0.00000000354042046783681
0.00000000355371632013376
0.00000000356508699863899
0.00000000357840122343374
0.00000000358977587487977
0.00000000360310809521489
0.00000000361448585899516
0.00000000362783534628977
0.0000000036392165634211
0.00000000365258274443417
0.00000000366396576908624
0.00000000367734921621601
0.00000000368873377466153
0.00000000370213339479015
0.00000000371351953070535
0.00000000372693460697605
0.00000000373832179819817
0.00000000375175200858382
0.00000000376313926447845
0.00000000377658454568729
0.00000000378797187808009
0.00000000380143149017398
0.00000000381281787898284
0.00000000382629144984252
0.00000000383767687593303
0.00000000385116398134072
0.00000000386254808520694
0.00000000387604783304144
0.00000000388743013714218
0.0000000039009423258195
0.00000000391232171526365
0.00000000392584695927025
0.00000000393722271951251
0.00000000395076020449291
0.00000000396213247008561
0.00000000397568040466433
0.00000000398704963478178
0.00000000400060845380113
0.00000000401197257252503
0.00000000402554278732095
0.00000000403690151202646
0.00000000405048163770537
0.00000000406183502653611
0.00000000407542517036009
0.00000000408677258000079
0.00000000410037227834593
0.00000000411171322875122
0.00000000412532103935577
0.00000000413665614352477
0.00000000415027200983254
0.00000000416159969423607
0.00000000417522440520034
0.00000000418654376301803
0.00000000420017591057655
0.00000000421148756649848
0.00000000422512739739061
0.00000000423642944054641
0.00000000425007658361788
0.00000000426136952406604
0.00000000427502323020502
0.00000000428630708232782
0.00000000429996622860889
0.00000000431123989424365
0.00000000432490540191767
0.00000000433616885585901
0.00000000434983907862674
0.00000000436109169383025
0.00000000437476715502554
0.00000000438600837237153
0.00000000439968877136906
0.00000000441091799191747
0.00000000442460198550882
0.00000000443581933284201
0.00000000444950813789234
0.00000000446071169711327
0.00000000447440429547217
0.00000000448559549687925
0.00000000449929044957941
0.00000000451046837205154
0.00000000452416617815812
0.00000000453532964709583
0.0000000045490302018434
0.00000000456017974778647
0.00000000457388233671011
0.00000000458501687410621
0.00000000459872136664621
0.0000000046098404328942
0.00000000462354649970399
0.00000000463464988463089
0.00000000464835659238653
0.00000000465944459126681
0.00000000467315193799538
0.00000000468422331953833
0.00000000469793107789678
0.00000000470898545120993
0.00000000472269385855203
0.00000000473373066752688
0.00000000474743824955982
0.00000000475845802081958
0.00000000477216494750378
0.00000000478316639584788
0.0000000047968726067256
0.00000000480785586145094
0.00000000482156038927692
0.00000000483252519103717
0.00000000484622818954862
0.00000000485717310437653
0.00000000487087462746077
0.0000000048818002931742
0.00000000489549925192504
0.00000000490640536874473
0.00000000492010147386998
0.00000000493098696364446
0.00000000494468056319681
0.00000000495554568919567
0.0000000049692358272991
0.00000000498007993864815
0.00000000499376674687243
0.00000000500458954836848
0.00000000501827209833021
0.00000000502907370470383
0.00000000504275227685277
0.00000000505353095751379
0.00000000506720620204248
0.00000000507796219191167
0.00000000509163218467266
0.00000000510236628563503
0.00000000511603083627761
0.00000000512674139477121
0.00000000514040166756486
0.00000000515108829911181
0.00000000516474337674724
0.00000000517540589132503
0.00000000518905512826753
0.00000000519969399513976
0.0000000052133369165631
0.00000000522395161552108
0.00000000523758801256084
0.00000000524817781653254
0.00000000526180745347547
0.0000000052723723283252
0.00000000528599622212842
0.00000000529653460291143
0.00000000531015089383281
0.0000000053206644254249
0.00000000533427400491831
0.0000000053447606618037
0.00000000535836248554624
0.00000000536882331185069
0.00000000538241668133803
0.00000000539285132132418
0.00000000540643678019131
0.0000000054168438447433
0.00000000543042225939412
0.00000000544080129410092
0.00000000545437077071446
0.0000000054647235425058
0.00000000547828328250893
0.00000000548860807141337
0.00000000550215949470931
0.00000000551245491470799
0.00000000552599821146012
0.00000000553626574395169
0.00000000554979882580847
0.0000000055600381870475
0.00000000557356131977239
0.00000000558377162844681
0.00000000559728504392409
0.0000000056074660716155
0.00000000562096956722297
0.00000000563112062996439
0.00000000564461461212793
0.00000000565473571816541
0.00000000566821913742813
0.00000000567831032576703
0.00000000569178346601588
0.00000000570184407595928
0.00000000571530557345337
0.00000000572533679663357
0.00000000573878654184078
0.00000000574878713408354
0.00000000576222625221701
0.00000000577219500007487
0.000000005785623522642
0.00000000579556039817569
0.00000000580897751130538
0.00000000581888334461237
0.00000000583228865567199
0.00000000584216176706409
0.00000000585555591595677
0.00000000586539725798204
0.00000000587877860294374
0.00000000588858860943368
0.00000000590195741678385
0.00000000591173468086125
0.00000000592509115499107
0.00000000593483610195885
0.0000000059481800434643
0.00000000595789099412438
0.00000000597122352541842
0.00000000598090123935847
0.00000000599422028189619
0.0000000060038656456258
0.00000000601717078610905
0.00000000602678258159089
0.00000000604007568209547
0.00000000604965270324968
0.00000000606293291852255
0.00000000607247609707694
0.0000000060857423923673
0.00000000609525168524522
0.00000000610850491884533
0.0000000061179793641718
0.00000000613121932070453
0.00000000614065886614188
0.00000000615388504371999
0.00000000616329024709513
0.00000000617650177947836
0.00000000618587266202251
0.00000000619907025650172
0.00000000620840546208466
0.00000000622158957042847
0.00000000623088926581326
0.00000000624405926731559
0.00000000625332303208954
0.00000000626647838719093
0.00000000627570754179435
0.00000000628884821553922
0.00000000629804103433292
0.00000000631116778858383
0.00000000632032399788952
0.00000000633343594915807
0.0000000063425564810734
0.00000000635565379640017
0.00000000636473786145745
0.00000000637782001776815
0.00000000638686818020728
0.0000000063999349914421
0.00000000640894616908183
0.00000000642199852279262
0.00000000643097284536648
0.00000000644400995981767
0.00000000645294765036428
0.00000000646596886889895
0.00000000647487002937076
0.00000000648787600091692
0.00000000649673901126898
0.00000000650973104997329
0.00000000651855562694839
0.00000000653153283838498
0.00000000654032013277316
0.00000000655328077106054
0.00000000656203100078362
0.0000000065749755935074
0.00000000658368842420714
0.00000000659661794475743
0.00000000660529252029135
0.00000000661820581094625
0.00000000662684255395259
0.00000000663974005632682
0.00000000664833880679243
0.00000000666122115486558
0.000000006669780436546
0.00000000668264649345228
0.00000000669116815018353
0.00000000670401909658459
0.00000000671250109087874
0.00000000672533641496243
0.00000000673377898343192
0.00000000674659944487161
0.00000000675500262752947
0.00000000676780649507371
0.00000000677617209792265
0.00000000678895858305946
0.00000000679728564125666
0.00000000681005579553846
0.00000000681834367317691
0.00000000683109829723108
0.00000000683934614674346
0.00000000685208446276443
0.00000000686029302644885
0.0000000068730157601376
0.00000000688118458579926
0.00000000689389073754529
0.0000000069020199018153
0.000000006914709222416
0.00000000692279974520196
0.00000000693547227173605
0.00000000694352321139442
0.00000000695617879640058
0.00000000696418999670863
0.0000000069768297438619
0.00000000698480010758808
0.00000000699742428663773
0.0000000070053536057298
0.00000000701796177340242
0.00000000702585115372149
0.00000000703844253659463
0.00000000704629210560655
0.00000000705886600059113
0.00000000706667575606836
0.00000000707923308476636
0.00000000708700222697394
0.0000000070995433401263
0.00000000710727179830394
0.00000000711979673934917
0.00000000712748411095174
0.00000000713999176822907
0.00000000714763918379781
0.00000000716013058722727
0.00000000716773623898202
0.00000000718021177543123
0.00000000718777647056553
0.00000000720023517257807
0.00000000720775856053614
0.0000000072202011127461
0.00000000722768350222496
0.0000000072401092731317
0.00000000724755050403161
0.00000000725995906153588
0.00000000726735879435882
0.0000000072797521644308
0.00000000728711048606611
0.00000000729948617254488
0.00000000730680352579388
0.00000000731916217768419
0.00000000732643824329977
0.00000000733878013988852
0.00000000734601500766605
0.00000000735833965524923
0.00000000736553307725647
0.00000000737784173964547
0.00000000738499272575099
0.00000000739728488198974
0.0000000074043940263785
0.00000000741666992726011
0.00000000742373651300815
0.00000000743599449350428
0.00000000744302096097015
0.00000000745526218441358
0.00000000746224598554884
0.00000000747447146800782
0.00000000748141223301846
0.00000000749362059127046
0.00000000750051999063679
0.00000000751271091944981
0.00000000751956878693556
0.00000000753174302499495
0.00000000753855719173218
0.00000000755071613814817
0.00000000755748720611881
0.00000000756962945134225
0.00000000757635875784259
0.00000000758848350145308
0.00000000759516981163992
0.00000000760727828518292
0.00000000761392256918148
0.00000000762601311787437
0.00000000763261459330561
0.0000000076446899766559
0.00000000765124753695778
0.00000000766330585666339
0.0000000076698209610138
0.00000000768186197182941
0.0000000076883343372925
0.00000000770035908869482
0.00000000770678788163234
0.00000000771879617547044
0.0000000077251815895803
0.00000000773717206333851
0.00000000774351479612263
0.00000000775548959159076
0.00000000776178832418175
0.00000000777374560534206
0.00000000778000159956399
0.00000000779194154166767
0.00000000779815395502844
0.00000000781007821804946
0.00000000781624579371474
0.0000000078281529004469
0.00000000783427714120088
0.00000000784616794172146
0.00000000785224826194039
0.00000000786412112322575
0.00000000787015853695807
0.00000000788201501975525
0.00000000788800698288353
0.00000000789984653678566
0.00000000790579567703574
0.00000000791761693889442
0.00000000792352183799986
0.00000000793532726711145
0.0000000079411866267944
0.00000000795297566208723
0.00000000795879188123139
0.00000000797056211953352
0.00000000797633345027421
0.00000000798808724553939
0.00000000799381356574172
0.00000000800555189798115
0.00000000801123223754418
0.00000000802295208179449
0.00000000802858950109727
0.00000000804029112067334
0.00000000804588429956807
0.00000000805756845201808
0.00000000806311585466913
0.00000000807478387934182
0.00000000808028493657139
0.00000000809193613242454
0.00000000809739229540096
0.00000000810902481043357
0.00000000811443634628783
0.00000000812605021081773
0.00000000813141697053229
0.00000000814301521805401
0.00000000814833450983212
0.00000000815991536835956
0.00000000816518860761608
0.00000000817675123952906
0.00000000818197931159531
0.00000000819352469771759
0.0000000081987059184014
0.00000000821023333083753
0.00000000821536823218379
0.00000000822687776465366
0.00000000823196707979791
0.00000000824345946287868
0.00000000824850106932357
0.00000000825997460521257
0.00000000826497026415747
0.00000000827642575329923
0.000000008281374126588
0.00000000829281226581574
0.00000000829771343907361
0.00000000830913219504655
0.00000000831398697097406
0.00000000832538783825469
0.00000000833019478287166
0.00000000834157804831353
0.00000000834633645925924
0.0000000083577011354555
0.00000000836241286021338
0.00000000837375737763827
0.00000000837842140021306
0.0000000083897487936304
0.00000000839436257366868
0.00000000840567301093772
0.00000000841023809085191
0.00000000842152858592568
0.00000000842604658834054
0.00000000843731650682376
0.00000000844178744457056
0.00000000845303706640202
0.00000000845745806462294
0.00000000846869018599531
0.00000000847306159241696
0.00000000848427458929251
0.00000000848859620026942
0.00000000849979036813755
0.0000000085040621277058
0.00000000851523570914157
0.00000000851945869853824
0.00000000853061111683424
0.00000000853478495951707
0.00000000854591879803422
0.00000000855004090047245
0.00000000856115396641249
0.00000000856522661357124
0.00000000857631930367944
0.00000000858034191421667
0.00000000859141437729848
0.00000000859538424249887
0.00000000860643610795202
0.00000000861035590701246
0.00000000862138643618325
0.00000000862525525162567
0.00000000863626522803641
0.00000000864008061687188
0.0000000086510709294104
0.00000000865483440161968
0.00000000866580190386164
0.00000000866951543948555
0.00000000868046002463741
0.00000000868411997320517
0.00000000869504465803568
0.00000000869865098012208
0.00000000870955327707194
0.00000000871310733855933
0.00000000872398698955899
0.00000000872748830781553
0.00000000873834471568121
0.00000000874179291244544
0.00000000875262659000179
0.0000000087560199493244
0.00000000876683254990504
0.00000000877017110023631
0.00000000878095990252279
0.00000000878424325600176
0.00000000879500888956354
0.0000000087982379051944
0.00000000880898122844527
0.00000000881215422211346
0.00000000882287217255264
0.00000000882599139378067
0.00000000883668516130014
0.00000000883974744994503
0.00000000885041769065739
0.00000000885342174116557
0.00000000886406841733016
0.00000000886701800070052
0.00000000887763803374175
0.00000000888052961480517
0.0000000088911257760433
0.0000000088939597433477
0.00000000890453090427069
0.00000000890730655741825
0.00000000891785111535904
0.00000000892057007149445
0.00000000893108762034679
0.00000000893374822431898
0.00000000894424008441717
0.00000000894684125564203
0.00000000895730570395351
0.00000000895984821907954
0.00000000897028639473602
0.00000000897276866830438
0.00000000898317923168185
0.00000000898560066828444
0.0000000089959848427834
0.00000000899834505780439
0.00000000900870037035977
0.00000000901100077483829
0.00000000902132750706483
0.00000000902356620309155
0.00000000903386456533738
0.00000000903604067290474
0.00000000904631025166029
0.00000000904842457717307
0.00000000905866427040108
0.00000000906071570000061
0.00000000907092507909712
0.00000000907291348357123
0.00000000908309286584115
0.00000000908501791361596
0.00000000909516615344476
0.00000000909702653640557
0.00000000910714493190835
0.00000000910893879667955
0.00000000911902645012455
0.00000000912075626441961
0.00000000913081100508719
0.00000000913247441836353
0.0000000091424977727797
0.00000000914409447386948
0.00000000915408584353077
0.00000000915561631095564
0.00000000916557239798572
0.00000000916703723467368
0.00000000917695868249123
0.00000000917835589343576
0.00000000918824380810511
0.00000000918957244812053
0.00000000919942565529108
0.00000000920068424365319
0.00000000921050452929697
0.00000000921169271940032
0.00000000922147613449537
0.00000000922259604473947
0.00000000923234304142702
0.00000000923339226745809
0.0000000092431023992501
0.00000000924408073731917
0.00000000925375364855607
0.00000000925465973989194
0.00000000926429633441057
0.00000000926512830369512
0.00000000927472826848072
0.00000000927548668368738
0.00000000928504764757897
0.00000000928573468137827
0.0000000092952543003794
0.00000000929586680810742
0.0000000093053474451326
0.0000000093058841104934
0.00000000931532614893805
0.00000000931578618464784
0.00000000932518717524392
0.00000000932557255407938
0.00000000933493175354448
0.00000000933523903627449
0.0000000093445572396517
0.00000000934478668110962
0.00000000935406175918723
0.00000000935421369090294
0.00000000936344540122664
0.00000000936351814934904
0.00000000937270644471962
0.00000000937270050516784
0.00000000938184383914191
0.00000000938175697964932
0.00000000939085654709788
0.00000000939068691686858
0.00000000939974070354609
0.00000000939949022815457
0.00000000940849907291819
0.00000000940816494006816
0.00000000941712605426853
0.00000000941670934798007
0.00000000942562349961804
0.00000000942512336853667
0.00000000943398682885723
0.00000000943340419328405
0.00000000944221753028786
0.00000000944154973859644
0.00000000945031457387667
0.00000000944955831585627
0.00000000945827408590645
0.00000000945743153361445
0.00000000946609514837407
0.00000000946516488674064
0.00000000947377753138727
0.00000000947275786321494
0.00000000948131805911646
0.00000000948020943403959
0.00000000948871596522909
0.00000000948751769362005
0.0000000094959700455024
0.00000000949467960777732
0.00000000950307925379314
0.00000000950169570389443
0.00000000951004032512006
0.00000000950856348762702
0.00000000951685219786545
0.0000000095152826540441
0.00000000952351268106865
0.0000000095218491244205
0.00000000953002221574479
0.00000000952826265048566
0.00000000953637791946377
0.00000000953452096430478
0.00000000954257812894024
0.00000000954062303331665
0.00000000954862035187189
0.00000000954656715197939
0.00000000955450310711477
0.00000000955235159508859
0.00000000956022633681237
0.00000000955797447937478
0.00000000956578489226303
0.00000000956343484117999
0.00000000957117994955373
0.00000000956872890733028
0.00000000957641025974434
0.00000000957385471086032
0.00000000958147322419202
0.00000000957881072869913
0.00000000958636559609341
0.00000000958360011179579
0.00000000959108488533264
0.00000000958821488455146
0.00000000959562978294673
0.0000000095926566963533
0.00000000960000255458169
0.00000000959691991850586
0.00000000960419792389784
0.00000000960100412043511
0.00000000960821288252411
0.00000000960491004978849
0.0000000096120472252957
0.0000000096086352279029
0.00000000961569791771173
0.0000000096121727718756
0.00000000961916533770929
0.00000000961552605652203
0.00000000962244374651705
0.00000000961869239824428
0.00000000962553271273668
0.00000000962166721109274
0.00000000962843243321566
0.00000000962445093521102
0.00000000963113918188515
0.00000000962703840898103
0.0000000096336493548457
0.00000000962943232321133
0.00000000963596306118858
0.000000009631626589755
0.00000000963807644593555
0.00000000963362056288636
0.00000000963998985442608
0.00000000963541041675821
0.00000000964170037555306
0.00000000963699738158331
0.0000000096432031354135
0.00000000963837788442059
0.00000000964449833245951
0.00000000963954898023208
0.00000000964558300038224
0.00000000964050863010883
0.00000000964645605648691
0.00000000964125470860939
0.00000000964711505942191
0.00000000964178496494489
0.00000000964755767573058
0.00000000964209603008301
0.00000000964778132624698
0.00000000964218929907347
0.00000000964778240276769
0.00000000964205816135084
0.00000000964756150869483
0.00000000964170236778668
0.00000000964711241813996
0.00000000964112234835016
0.00000000964643563264736
0.0000000096403115430666
0.0000000096455291837617
0.0000000096392688064004
0.00000000964438935980285
0.0000000096379911836318
0.0000000096430149286544
0.00000000963647661435164
0.00000000964140330299562
0.0000000096347225633076
0.00000000963955162912598
0.00000000963273019746815
0.00000000963745595538001
0.00000000963049143753984
0.00000000963511577707235
0.00000000962800880832213
0.00000000963252930156924
0.00000000962527575244906
0.00000000962969222565405
0.00000000962229033887421
0.0000000096266049893438
0.00000000961905464903011
0.00000000962325729607397
0.0000000096155618240763
0.00000000961965647473239
0.00000000961181007617603
0.00000000961579650018726
0.00000000960779595640387
0.00000000961167148881553
0.00000000960352022993914
0.00000000960728252245245
0.0000000095989756644856
0.00000000960262697418371
0.00000000959416405212141
0.00000000959770065867129
0.00000000958908155045627
0.00000000959250137671906
0.0000000095837229027704
0.0000000095870271180818
0.0000000095780877028122
0.0000000095812743721661
0.00000000957217476397283
0.00000000957524108526773
0.00000000956597849546095
0.00000000956892554485847
0.00000000955949811097464
0.00000000956232375444457
0.00000000955272889426947
0.00000000955543233146134
0.00000000954567113128969
0.00000000954825020174079
0.00000000953831997887492
0.0000000095407737830588
0.00000000953067433683673
0.00000000953299974061988
0.00000000952273021037462
0.00000000952492659242025
0.00000000951448481062456
0.00000000951655089383322
0.0000000095059352601235
0.00000000950787051265586
0.00000000949707937460842
0.00000000949888115692345
0.00000000948791447314199
0.0000000094895834840242
0.00000000947843678906027
0.00000000947997013641152
0.00000000946864508313075
0.00000000947004102977629
0.00000000945853486453679
0.0000000094597921476441
0.00000000944810271929803
0.00000000944922356789054
0.0000000094373490684893
0.00000000943832784468181
0.00000000942626892249184
0.00000000942710619788704
0.00000000941485838222896
0.00000000941555194837182
0.00000000940311592223188
0.00000000940366589669852
0.00000000939103794678428
0.00000000939144263826686
0.00000000937862486384251
0.00000000937887919464495
0.00000000936586884151238
0.00000000936597382763106
0.00000000935277059160978
0.00000000935272510114031
0.00000000933932146981674
0.00000000933912752729445
0.000000009325525826901
0.00000000932517752211235
0.0000000093113787976079
0.00000000931087395214224
0.00000000929687480471834
0.00000000929621364417694
0.00000000928201219563915
0.00000000928119292102246
0.00000000926678834312622
0.00000000926580947711197
0.00000000925120012189617
0.00000000925006034276249
0.00000000923524674802566
0.00000000923394458369998
0.00000000921891586603969
0.00000000921745208850536
0.00000000920221499030676
0.00000000920058679608794
0.00000000918513753029306
0.00000000918334489158815
0.00000000916768248722995
0.00000000916571975587535
0.00000000914984394004557
0.00000000914771135946735
0.0000000091316175980785
0.00000000912931599113969
0.00000000911300276231367
0.00000000911052922582132
0.00000000909399812241255
0.00000000909135018901782
0.00000000907459832219073
0.0000000090717740894823
0.00000000905480027850792
0.0000000090517983841238
0.00000000903459939844291
0.00000000903142161281023
0.00000000901399552671429
0.00000000901063607905845
0.00000000899298488132124
0.00000000898944556727448
0.00000000897156295178287
0.00000000896784126108053
0.00000000894972805201656
0.00000000894582225475477
0.00000000892747633990958
0.00000000892338390110345
0.00000000890480581419577
0.00000000890052543942529
0.00000000888171125518057
0.00000000887724297160152
0.00000000885819025852382
0.00000000885353203230883
0.00000000883424249205015
0.00000000882939144546092
0.00000000880986127102486
0.00000000880481605123814
0.00000000878504338265628
0.00000000877980486997502
0.00000000875978937551176
0.00000000875435468513107
0.00000000873409022728314
0.00000000872846036483968
0.00000000870794843444767
0.00000000870211790437336
0.00000000868136242158261
0.00000000867532661964136
0.00000000865432103752427
0.00000000864808481936911
0.00000000862682453878891
0.00000000862038723676494
0.00000000859887368465186
0.00000000859222891380419
0.00000000857046089916383
0.00000000856360958713203
0.00000000854158381977807
0.00000000853452500165392
0.00000000851224302816534
0.00000000850497072320342
0.00000000848242891356282
0.00000000847494879375227
0.00000000845214271216035
0.00000000844444798002229
0.00000000842138234276615
0.00000000841346986644379
0.00000000839014107052302
0.00000000838201433720327
0.00000000835841395869448
0.00000000835007362202399
0.00000000832620567670669
0.00000000831764303282551
0.00000000829350879055211
0.00000000828472320166573
0.0000000082603163057147
0.0000000082513124833983
0.00000000822663198197351
0.0000000082174026372394
0.00000000819244633068284
0.00000000818299418845456
0.00000000815776218769998
0.00000000814808248356683
0.00000000812257176948781
0.00000000811266310510491
0.00000000808687649255519
0.00000000807673649476382
0.00000000805066806666326
0.0000000080402993495106
0.00000000801394567963993
0.00000000800334385893444
0.00000000797670672577747
0.00000000796586827087171
0.00000000793895081953825
0.00000000792787416312066
0.00000000790066690372184
0.00000000788935686748318
0.00000000786185790148255
0.00000000785031196126909
0.00000000782252181953284
0.00000000781072938602693
0.00000000778265201382553
0.00000000777062052171468
0.00000000774224291557336
0.00000000772997329525727
0.00000000770129991554051
0.00000000768878356785355
0.00000000765981719361418
0.0000000076470506574913
0.00000000761778623482405
0.0000000076047732311245
0.00000000757520744657421
0.00000000756194495945934
0.00000000753207910769082
0.00000000751856522099187
0.00000000748839730757715
0.00000000747463098993688
0.00000000744415670247679
0.0000000074301409402096
0.00000000739935698527191
0.00000000738508376205071
0.00000000735399548200169
0.00000000733946539745923
0.00000000730806813146627
0.00000000729328026369042
0.00000000726156990867258
0.00000000724652523603662
0.00000000721450170655117
0.00000000719919534647526
0.00000000716685819679068
0.00000000715129079296011
0.0000000071186380739196
0.00000000710280415664791
0.00000000706983766362169
0.00000000705373751508963
0.00000000702045169302128
0.00000000700408704538283
0.0000000069704793183993
0.00000000695384825254694
0.00000000691991786566572
0.00000000690301718679105
0.00000000686876649995086
0.00000000685159461859171
0.00000000681701703593728
0.00000000679957430421435
0.00000000676466852783667
0.00000000674695564901126
0.00000000671172270107252
0.00000000669373336216379
0.00000000665817328468088
0.0000000066399061297215
0.00000000660401621973663
0.00000000658547088762753
0.00000000654924806143259
0.00000000653042934605898
0.00000000649386868924023
0.00000000647476740908372
0.00000000643787712246548
0.00000000641849396921013
0.00000000638126652213981
0.00000000636159946402722
0.00000000632403683839588
0.00000000630408305190687
0.00000000626618101963831
0.00000000624594557823702
0.00000000620769848430183
0.00000000618718133669621
0.00000000614859118844989
0.00000000612778230998233
0.00000000608885532542297
0.00000000606775321743326
0.00000000602847933595124
0.00000000600709093816721
0.00000000596747033269544
0.00000000594578977524553
0.00000000590582109321767
0.00000000588384804527253
0.00000000584353260159563
0.00000000582126346797974
0.00000000578059862388068
0.00000000575803449680231
0.0000000057170161546841
0.00000000569415916123749
0.00000000565278473713399
0.00000000562963241504091
0.00000000558790289841309
0.00000000556444974453744
0.00000000552237046091224
0.00000000549861422944633
0.00000000545617550359191
0.00000000543212006558396
0.00000000538932371158513
0.00000000536496633274772
0.0000000053218120308468
0.0000000052971484174602
0.00000000525363479315539
0.00000000522866642310811
0.00000000518479216356299
0.00000000515951801939645
0.0000000051152783411606
0.00000000508969956005835
0.00000000504509638747681
0.00000000501920773977603
0.00000000497423925006928
0.0000000049480424446031
0.00000000490270696508341
0.00000000487620206025682
0.0000000048304969756778
0.00000000480368085006964
0.00000000475760879392678
0.00000000473047672163456
0.00000000468403592912254
0.00000000465659290532447
0.00000000460977817909732
0.000000004582022373171
0.0000000045348351033405
0.00000000450676512916881
0.00000000445920346556294
0.00000000443081676139561
0.00000000438287984826797
0.00000000435417685934476
0.0000000043058666351532
0.00000000427684127059441
0.00000000422815531827724
0.00000000419881113818816
0.00000000414974829663762
0.0000000041200838896119
0.00000000407064314240495
0.00000000404065658126013
0.00000000399083613444595
0.0000000039605273749927
0.0000000039103246540097
0.00000000387969378797871
0.0000000038291108389252
0.00000000379815372880711
0.00000000374718757301952
0.00000000371590863978129
0.00000000366455966540018
0.00000000363295412219876
0.00000000358121922512863
0.00000000354928663505081
0.00000000349716498614522
0.00000000346490819812215
0.00000000341240082323667
0.00000000337981150834515
0.00000000332692006803276
0.00000000329400148902193
0.00000000324071775646767
0.00000000320747650801324
0.0000000031538019899343
0.00000000312022583383306
0.00000000306616316341107
0.0000000030322569422048
0.00000000297780194643422
0.00000000294356565833112
0.000000002888719001319
0.00000000285414669916296
0.00000000279891085531996
0.00000000276400461600964
0.00000000270837302801634
0.00000000267313719814899
0.00000000261710979750236
0.00000000258153550452662
0.00000000252511775091104
0.00000000248920659384426
0.0000000024323900565607
0.00000000239614815891355
0.00000000233893510750794
0.00000000230235430728672
0.00000000224474558600199
0.00000000220782347678021
0.00000000214981864613369
0.00000000211256336795315
0.00000000205415744078151
0.00000000201656354613916
0.0000000019577549351322
0.00000000191982690647812
0.00000000186061759037611
0.00000000182235073377317
0.00000000176274175656767
0.00000000172413202380617
0.00000000166412312411881
0.00000000162517297518521
0.0000000015647630859511
0.00000000152547168690541
0.00000000146465938365274
0.00000000142502888526337
0.00000000136381240357248
0.00000000132384176677139
0.00000000126221976499287
0.00000000122190729402344
0.00000000115988362059806
0.00000000111922412904472
0.00000000105679957650742
0.00000000101579863457177
0.000000000952965718000406
0.000000000911623793751552
0.000000000848386454484802
0.000000000806701528476101
0.000000000743056271561015
0.000000000701029511423283
0.000000000636977025447533
0.000000000594604341299586
0.000000000530147705814684
0.000000000487431253731219
0.000000000422567496300309
0.000000000379505253376891
0.000000000314234266599019
0.000000000270828225350388
0.000000000205150556600294
0.000000000161399274075154
0.0000000000953134604340107
0.0000000000512164739931747
-0.0000000000152791085089951
-0.0000000000597193334905035
-0.000000000126622795439398
-0.00000000017140782589267
-0.000000000238723501066547
-0.000000000283854489969015
-0.000000000351574558133818
-0.000000000397051699353129
-0.000000000465183677463523
-0.000000000511003174082079
-0.000000000579545799390414
-0.000000000625713167687895
-0.000000000694664733762878
-0.000000000741176832674113
-0.000000000810540182050695
-0.00000000085739552857464
-0.000000000927166781523283
-0.000000000974374060586748
-0.00000000104455084594651
-0.00000000109210291119143
-0.00000000116269283643224
-0.00000000121058723583954
-0.00000000128158769322631
-0.00000000132983169823292
-0.00000000140123994095641
-0.00000000144982861423476
-0.00000000152164996339924
-0.00000000157057987374838
-0.00000000164281320565019
-0.00000000169208922824661
-0.00000000176472795369478
-0.00000000181435363115136
-0.00000000188740309998191
-0.00000000193736945415609
-0.00000000201083372883611
-0.00000000206114287317854
-0.00000000213501500183443
-0.00000000218567152972326
-0.00000000225995240602147
-0.00000000231095185499782
-0.00000000238564274862164
-0.00000000243698629966569
-0.00000000251208623434122
-0.00000000256377484625404
-0.00000000263928384543985
-0.00000000269131279940459
-0.00000000276723323785248
-0.00000000281960692102536
-0.00000000289593401893993
-0.0000000029486503483266
-0.00000000302538624871322
-0.00000000307844248853369
-0.00000000315558767860259
-0.00000000320898711488735
-0.00000000328654112668748
-0.00000000334027924876969
-0.00000000341824263147532
-0.00000000347232058776307
-0.00000000355069068604772
-0.00000000360511228832953
-0.00000000368388424413915
-0.00000000373864878198806
-0.00000000381782553632858
-0.00000000387292936873461
-0.00000000395251471577255
-0.00000000400795613016968
-0.00000000408794794837223
-0.00000000414372413093522
-0.00000000422412186949109
-0.00000000428023749046536
-0.00000000436104114499773
-0.00000000441748959699373
-0.00000000449869665945951
-0.00000000455548446834882
-0.0000000046370951260662
-0.00000000469422032937559
-0.000000004776231980467
-0.00000000483368873874431
-0.00000000491610669324951
-0.00000000497389452080999
-0.00000000505671295903439
-0.00000000511484051775896
-0.00000000519805758945607
-0.00000000525651463365552
-0.00000000534013344830441
-0.00000000539892289034162
-0.00000000548294281064887
-0.00000000554206192252193
-0.00000000562648094320593
-0.00000000568592627614353
-0.00000000577074790925338
-0.00000000583052200258485
-0.00000000591573701481661
-0.00000000597584807863548
-0.00000000606145206042021
-0.00000000612189048089789
-0.00000000620789573748704
-0.00000000626865461428814
-0.00000000635505917115511
-0.00000000641614341995758
-0.00000000650293901456237
-0.0000000065643476969966
-0.00000000665153859722007
-0.00000000671326803040376
-0.00000000680085136921375
-0.00000000686290757050506
-0.0000000069508771677881
-0.00000000701325743631356
-0.00000000710161832771667
-0.00000000716431140546532
-0.00000000725307203004666
-0.00000000731608075021632
-0.00000000740522268566555
-0.00000000746855623059987
-0.00000000755808168881291
-0.0000000076217333121456
-0.00000000771164835921471
-0.00000000777560791003172
-0.00000000786591369573458
-0.00000000793018939392324
-0.00000000802087476073237
-0.000000008085462012129
-0.00000000817653395069024
-0.00000000824143020749467
-0.00000000833288315242484
-0.00000000839808952474967
-0.00000000848992429263184
-0.00000000855543898426039
-0.00000000864765576116239
-0.00000000871347876922144
-0.00000000880606737870999
-0.00000000887220014983623
-0.00000000896516456525031
-0.00000000903160239849562
-0.00000000912494088089435
-0.00000000919168278253939
-0.00000000928539315297304
-0.00000000935243976049404
-0.00000000944652479333765
-0.00000000951386677684115
-0.00000000960832535669245
-0.00000000967596751455183
-0.00000000977079433590231
-0.00000000983873039487478
-0.00000000993392879743764
-0.0000000100021610717604
-0.0000000100977226412008
-0.0000000101662529711612
-0.0000000102621839970349
-0.000000010330997759161
-0.0000000104272966288234
-0.0000000104964020123176
-0.0000000105930590249125
-0.0000000106624585207367
-0.0000000107594743544325
-0.0000000108291582717797
-0.0000000109265390181383
-0.000000010996505842399
-0.0000000110942420077311
-0.0000000111644951340141
-0.0000000112625877261733
-0.0000000113331225377695
-0.0000000114315666544228
-0.0000000115023805799429
-0.0000000116011831514399
-0.0000000116722735470129
-0.0000000117714248076664
-0.0000000118427947323382
-0.0000000119422916466408
-0.0000000120139350828881
-0.0000000121137876105669
-0.0000000121856970979958
-0.0000000122858925180598
-0.0000000123580792092071
-0.0000000124586143365876
-0.0000000125310702879084
-0.0000000126319507584944
-0.0000000127046688182251
-0.0000000128058903780291
-0.0000000128788777195758
-0.0000000129804324990113
-0.0000000130536832341571
-0.0000000131555770169953
-0.0000000132290818108199
-0.0000000133313145646035
-0.0000000134050782162766
-0.0000000135076411132236
-0.0000000135816649095703
-0.0000000136845576179788
-0.0000000137588315715088
-0.0000000138620536669257
-0.0000000139365797030533
-0.0000000140401305473714
-0.0000000141149058513129
-0.000000014218778950054
-0.0000000142938037610538
-0.0000000143979969271354
-0.0000000144732694147597
-0.0000000145777820475362
-0.0000000146532958216
-0.0000000147581263834476
-0.0000000148338814887671
-0.0000000149390278633483
-0.000000015015023960697
-0.0000000151204809627729
-0.0000000151967101944821
-0.0000000153024842977721
-0.0000000153789478290826
-0.0000000154850249348654
-0.0000000155617210739432
-0.000000015668108175359
-0.0000000157450298230401
-0.000000015851725399251
-0.0000000159288703717011
-0.0000000160358666829949
-0.0000000161132400190825
-0.000000016220535377589
-0.0000000162981259174466
-0.0000000164057199269504
-0.0000000164835337088871
-0.0000000165914201519478
-0.0000000166694448571542
-0.0000000167776333352159
-0.0000000168558688291462
-0.0000000169643433802027
-0.0000000170427931221871
-0.0000000171515513904725
-0.0000000172302154499815
-0.000000017339259666294
-0.0000000174181263231594
-0.0000000175274522679392
-0.0000000176065218055991
-0.0000000177161298036703
-0.0000000177954013497674
-0.0000000179052853912317
-0.0000000179847541215022
-0.000000018094912272407
-0.0000000181745776850512
-0.0000000182850122694883
-0.0000000183648615682602
-0.0000000184755710074066
-0.0000000185556113585744
-0.000000018666580514933
-0.000000018746812750533
-0.0000000188580498706998
-0.0000000189384610077552
-0.0000000190499597557201
-0.0000000191305569091008
-0.0000000192423083237555
-0.000000019323084521263
-0.0000000194350951363322
-0.0000000195160461050072
-0.0000000196283116043518
-0.0000000197094323064686
-0.0000000198219485684625
-0.0000000199032376711364
-0.0000000200160038035856
-0.0000000200974609011701
-0.0000000202104669460364
-0.0000000202920926413696
-0.0000000204053389932432
-0.0000000204871220990346
-0.0000000206006122346189
-0.0000000206825513425058
-0.0000000207962784347017
-0.0000000208783720193862
-0.0000000209923285247308
-0.0000000210745776275459
-0.0000000211887649836121
-0.0000000212711587786461
-0.0000000213855764497739
-0.0000000214681156922141
-0.000000021582755034414
-0.0000000216654347630088
-0.0000000217803009062477
-0.0000000218631186354333
-0.0000000219782027758248
-0.0000000220611535588022
-0.000000022176454762105
-0.0000000222595372690355
-0.0000000223750513350872
-0.0000000224582641329773
-0.0000000225739836943137
-0.0000000226573238010738
-0.0000000227732536126175
-0.0000000228567147351903
-0.0000000229728445685499
-0.000000023056426927989
-0.0000000231727551407187
-0.0000000232564571942895
-0.0000000233729805684048
-0.0000000234567928201565
-0.0000000235735108728082
-0.0000000236574323249465
-0.0000000237743410430761
-0.0000000238583672398173
-0.0000000239754641873692
-0.0000000240595938065102
-0.0000000241768792129448
-0.0000000242610995257647
-0.0000000243785706664854
-0.0000000244628836018741
-0.0000000245805277444662
-0.0000000246649411271263
-0.0000000247827553635495
-0.0000000248672580896466
-0.0000000249852453795553
-0.0000000250698317596974
-0.0000000251879865319973
-0.0000000252726532009769
-0.0000000253909749285483
-0.0000000254757161449551
-0.0000000255941976003456
-0.0000000256790165728755
-0.0000000257976553365884
-0.0000000258825420230687
-0.0000000260013387091347
-0.0000000260862959541446
-0.0000000262052361959023
-0.000000026290258949369
-0.000000026409347555413
-0.0000000264944268578892
-0.0000000266136601555293
-0.0000000266987999012784
-0.0000000268181741010996
-0.0000000269033627468387
-0.0000000270228740024049
-0.0000000271081123199133
-0.0000000272277579886363
-0.0000000273130434302046
-0.0000000274328123826358
-0.0000000275181418102532
-0.0000000276380357442474
-0.0000000277234084517345
-0.0000000278434222207303
-0.0000000279288293130916
-0.0000000280489650071355
-0.0000000281343967380743
-0.0000000282546499719163
-0.0000000283401089631045
-0.0000000284604734918705
-0.000000028545956765298
-0.000000028666426548776
-0.0000000287519303399033
-0.0000000288725094902167
-0.0000000289580241551402
-0.000000029078701846763
-0.0000000291642326212808
-0.0000000292850062253432
-0.0000000293705429451177
-0.0000000294914077493194
-0.0000000295769551551156
-0.0000000296979072844728
-0.0000000297834470957778
-0.0000000299044930415888
-0.0000000299900307725502
-0.0000000301111548037962
-0.0000000301966875629636
-0.0000000303178901885429
-0.000000030403407192022
-0.0000000305246882891179
-0.0000000306101871580889
-0.0000000307315385015931
-0.0000000308170204565589
-0.0000000309384374634507
-0.0000000310239005057809
-0.0000000311453764762489
-0.0000000312308142776984
-0.0000000313523459461626
-0.000000031437753301355
-0.0000000315593469584235
-0.0000000316447123958744
-0.0000000317663594856252
-0.0000000318516860783974
-0.0000000319733792414089
-0.0000000320586679354677
-0.0000000321804047946455
-0.0000000322656392227342
-0.0000000323874210042485
-0.0000000324726025873662
-0.0000000325944200915717
-0.0000000326795536199824
-0.0000000328013967509796
-0.0000000328864704737802
-0.0000000330083441816718
-0.0000000330933531406526
-0.000000033215253518238
-0.0000000333001942659867
-0.0000000334221174422248
-0.0000000335069836391486
-0.000000033628921239834
-0.000000033713714143596
-0.0000000338356655235117
-0.0000000339203819869594
-0.0000000340423378959517
-0.0000000341269721902318
-0.0000000342489311492282
-0.000000034333479200907
-0.0000000344554392488364
-0.0000000345398916564045
-0.0000000346618516184983
-0.0000000347462061966805
-0.0000000348681628802233
-0.0000000349524172078987
-0.0000000350743580882553
-0.0000000351585098751791
-0.0000000352804380138438
-0.0000000353644795262183
-0.0000000354863875333347
-0.0000000355703166941407
-0.0000000356922008603104
-0.0000000357760140027362
-0.0000000358978690153581
-0.0000000359815639794145
-0.0000000361033916278363
-0.0000000361869554429466
-0.0000000363087471082527
-0.0000000363921860379817
-0.0000000365139384611638
-0.0000000365972390382783
-0.0000000367189465966
-0.0000000368021120551263
-0.0000000369237751397484
-0.0000000370067980266436
-0.0000000371284080957153
-0.0000000372112847022784
-0.0000000373328385261127
-0.0000000374155643699936
-0.0000000375370617779469
-0.0000000376196302541002
-0.0000000377410604244982
-0.0000000378234722461859
-0.0000000379448418265
-0.0000000380270859718955
-0.0000000381483809565109
-0.0000000382304581131727
-0.0000000383516765448835
-0.0000000384335863409956
-0.0000000385547227191345
-0.0000000386364498035351
-0.0000000387575130804085
-0.0000000388390541605301
-0.0000000389600288570664
-0.0000000390413915708228
-0.0000000391622675312119
-0.0000000392434385466873
-0.0000000393642205835144
-0.0000000394452041949073
-0.0000000395658835140708
-0.0000000396466668922069
-0.0000000397672396120686
-0.0000000398478262822876
-0.0000000399682947466332
-0.0000000400486689208961
-0.0000000401690193874778
-0.0000000402491904729328
-0.0000000403694232866835
-0.0000000404493769378807
-0.0000000405694936196844
-0.0000000406492277613378
-0.0000000407692156313726
-0.0000000408487305842046
-0.0000000409685876484642
-0.0000000410478717308142
-0.0000000411675969032573
-0.0000000412466541604185
-0.0000000413662411801109
-0.0000000414450589440361
-0.0000000415645071316868
-0.0000000416430809112804
-0.0000000417623860434407
-0.0000000418407171915079
-0.0000000419598712236893
-0.0000000420379514174902
-0.0000000421569537105842
-0.0000000422347785529818
-0.0000000423536243763554
-0.0000000424311961747207
-0.0000000425498717530049
-0.0000000426271889174774
-0.0000000427456965508071
-0.000000042822746316304
-0.0000000429410832940932
-0.0000000430178618713421
-0.0000000431360296194617
-0.000000043212530465131
-0.0000000433305210504414
-0.0000000434067405940645
-0.0000000435245492157937
-0.0000000436004892735766
-0.0000000437181078536181
-0.0000000437937606166267
-0.0000000439111920314253
-0.0000000439865514384658
-0.0000000441037840293195
-0.0000000441788537944159
-0.0000000442958879342642
-0.0000000443706522034127
-0.0000000444874830884593
-0.0000000445619433501502
-0.0000000446785720402691
-0.0000000447527248256787
-0.0000000448691407640447
-0.0000000449429795619928
-0.0000000450591772315628
-0.0000000451327016666141
-0.0000000452486816985154
-0.0000000453218812477969
-0.0000000454376438703138
-0.0000000455105169045856
-0.0000000456260439161
-0.0000000456985974167531
-0.0000000458138934727994
-0.0000000458861024945923
-0.0000000460011724210245
-0.0000000460730455174689
-0.0000000461878661383829
-0.0000000462594039758567
-0.0000000463739816023488
-0.0000000464451654620599
-0.0000000465595042787329
-0.0000000466303379152214
-0.0000000467444160371181
-0.0000000468149047402804
-0.0000000469287262721814
-0.0000000469988529424937
-0.0000000471124218516408
-0.0000000471821772906727
-0.0000000472954763616067
-0.0000000473648745970576
-0.0000000474779093588455
-0.0000000475469351053561
-0.0000000476596936079897
-0.0000000477283423335525
-0.0000000478408322117052
-0.0000000479091042688763
-0.0000000480213096790245
-0.0000000480891925980999
-0.0000000482011205519286
-0.0000000482686137024114
-0.000000048380256686603
-0.0000000484473618890156
-0.0000000485587088378428
-0.0000000486254188425464
-0.0000000487364762440809
-0.0000000488027748067804
-0.000000048913541469784
-0.000000048979440424393
-0.0000000490898930059154
-0.0000000491553885304831
-0.0000000492655370926101
-0.0000000493306189409756
-0.000000049440462578658
-0.0000000495051235872964
-0.0000000496146490471836
-0.0000000496788999446093
-0.0000000497881002025948
-0.00000004985192227728
-0.0000000499608084119453
-0.0000000500242086143745
-0.0000000501327583343225
-0.0000000501957231200438
-0.0000000503039482902447
-0.000000050366486927414
-0.0000000504743810840345
-0.0000000505364609246649
-0.0000000506440231036895
-0.0000000507056612346319
-0.0000000508128849583812
-0.0000000508740786726229
-0.0000000509809562327952
-0.0000000510416942338229
-0.0000000511482227310383
-0.000000051208511475333
-0.0000000513146870811904
-0.0000000513745124313217
-0.0000000514803331696726
-0.0000000515397025885745
-0.0000000516451545199598
-0.0000000517040545782151
-0.0000000518091545092392
-0.0000000518675806004826
-0.0000000519723128574254
-0.0000000520302630891798
-0.0000000521346195199195
-0.0000000521921028798927
-0.0000000522960845717223
-0.000000052353074831026
-0.0000000524566884863234
-0.0000000525131897274664
-0.0000000526164180689043
-0.000000052672438405458
-0.0000000527752753602755
-0.0000000528308042812161
-0.0000000529332608029379
-0.0000000529882827350909
-0.0000000530903496842203
-0.0000000531448711825919
-0.0000000532465407653046
-0.0000000533005613712807
-0.0000000534018335516221
-0.0000000534553405771241
-0.0000000535562153106294
-0.0000000536092106540491
-0.0000000537096785379993
-0.000000053762161328681
-0.0000000538622173564188
-0.0000000539141747545918
-0.000000054013821850192
-0.0000000540652618949382
-0.0000000541644906153756
-0.0000000542154082975639
-0.0000000543142149843615
-0.0000000543645997914217
-0.0000000544629881566745
-0.0000000545128362001059
-0.0000000546107992690407
-0.000000054660110327377
-0.0000000547576419319167
-0.0000000548064218533744
-0.000000054903515860902
-0.0000000549517490119056
-0.0000000550484109684413
-0.0000000550961001865375
-0.0000000551923172522941
-0.0000000552394559067941
-0.0000000553352323081425
-0.0000000553818119771116
-0.0000000554771527545893
-0.0000000555231670599691
-0.0000000556180610978398
-0.0000000556635211643863
-0.0000000557579578544053
-0.0000000558028502221141
-0.0000000558968397080594
-0.0000000559411607266737
-0.0000000560346891183186
-0.0000000560784456639904
-0.0000000561715063956237
-0.0000000562146897969043
-0.0000000563072948789184
-0.0000000563498921312751
-0.0000000564420309373469
-0.0000000564840521332724
-0.0000000565757167401298
-0.0000000566171581000751
-0.000000056708347870028
-0.0000000567491977357217
-0.0000000568399120165263
-0.0000000568801775104689
-0.0000000569704082715288
-0.000000057010079768625
-0.0000000570998317012682
-0.0000000571389084988018
-0.0000000572281694965199
-0.0000000572666487398024
-0.0000000573554263940964
-0.00000005739329806377
-0.0000000574815879136749
-0.0000000575188453690278
-0.0000000576066482200631
-0.0000000576433009931827
-0.0000000577306030854778
-0.0000000577666444087433
-0.0000000578534484367106
-0.0000000578888722426989
-0.0000000579751788397456
-0.0000000580099841775423
-0.0000000580957786093213
-0.000000058129975661283
-0.0000000582152502912493
-0.0000000582488291745952
-0.0000000583335975457217
-0.0000000583665457005175
-0.0000000584508077905353
-0.000000058483117931572
-0.0000000585668637573043
-0.0000000585985494593362
-0.0000000586817769784966
-0.0000000587128202935446
-0.0000000587955324937028
-0.0000000588259406764454
-0.0000000589081232980286
-0.0000000589378946045826
-0.0000000590195521131032
-0.0000000590486831310623
-0.0000000591298133466413
-0.0000000591582878739575
-0.0000000592388919199485
-0.0000000592667212943218
-0.0000000593467917014382
-0.0000000593739708009605
-0.0000000594535060132824
-0.0000000594800282987598
-0.0000000595590245919634
-0.0000000595848989097877
-0.0000000596633486148895
-0.0000000596885645586623
-0.0000000597664689333236
-0.0000000597910247647389
-0.0000000598683880548387
-0.0000000598922775397978
-0.0000000599690953293018
-0.0000000599923210474665
-0.0000000600685817336738
-0.0000000600911399357153
-0.0000000601668552861357
-0.0000000601887376424296
-0.0000000602639025160607
-0.0000000602851115842509
-0.0000000603597160156528
-0.0000000603802473902228
-0.0000000604542989312387
-0.000000060474150775885
-0.0000000605476425742475
-0.0000000605668127851347
-0.0000000606397435518896
-0.0000000606582323096884
-0.0000000607305941539829
-0.0000000607483971067105
-0.0000000608201971985423
-0.0000000608373100896592
-0.0000000609085442578565
-0.0000000609249709704488
-0.0000000609956234099896
-0.000000061011369226122
-0.0000000610814462660503
-0.0000000610964935873291
-0.0000000611660028455992
-0.0000000611803522346901
-0.0000000612492839347479
-0.0000000612629378409632
-0.000000061331292327218
-0.0000000613442401961883
-0.0000000614120215224256
-0.0000000614242666186694
-0.0000000614914592581981
-0.0000000615030057050092
-0.000000061569618818414
-0.000000061580455549337
-0.0000000616464820284623
-0.000000061656615398974
-0.0000000617220559365877
-0.0000000617314754003895
-0.0000000617963286026595
-0.0000000618050348288304
-0.0000000618693016378581
-0.000000061877291414592
-0.0000000619409605398796
-0.000000061948251198316
-0.0000000620113207524306
-0.000000062017887569102
-0.0000000620803715127778
-0.0000000620862151861017
-0.0000000621481009639421
-0.000000062153230774812
-0.0000000622145109805346
-0.0000000622189184036742
-0.0000000622796089066671
-0.0000000622832898564716
-0.0000000623433783243868
-0.000000062346334319852
-0.0000000624058173363762
-0.0000000624080479885422
-0.0000000624669269524061
-0.0000000624684326028331
-0.0000000625267046236693
-0.0000000625274811484944
-0.0000000625851538528171
-0.0000000625851890591377
-0.0000000626422531795715
-0.0000000626415652443717
-0.0000000626980195539082
-0.0000000626965922882709
-0.0000000627524376609533
-0.0000000627502789340278
-0.0000000628055050991921
-0.000000062802621152181
-0.0000000628572342207229
-0.0000000628536003453372
-0.0000000629076076634669
-0.0000000629032402892036
-0.0000000629566231505289
-0.0000000629515165262607
-0.0000000630042909669533
-0.0000000629984382837201
-0.0000000630505959476241
-0.000000063044004497494
-0.0000000630955444595673
-0.0000000630882004219192
-0.0000000631391299789661
-0.0000000631310387819447
-0.0000000631813486979911
-0.0000000631725125933256
-0.0000000632222022762062
-0.0000000632126175423144
-0.0000000632616881359145
-0.000000063251354594281
-0.000000063299802085835
-0.0000000632887232381741
-0.0000000633365383574599
-0.0000000633247159547158
-0.0000000633719102486069
-0.0000000633593320559556
-0.0000000634059113403175
-0.0000000633925718139472
-0.0000000634385248219016
-0.0000000634244400244481
-0.0000000634697640462157
-0.0000000634549277700227
-0.0000000634996208590145
-0.0000000634840275079727
-0.0000000635281024064693
-0.000000063511754337881
-0.0000000635551998647482
-0.0000000635380889868038
-0.0000000635809164025787
-0.0000000635630455298624
-0.0000000636052408250074
-0.0000000635866178493705
-0.0000000636281765459444
-0.0000000636088057718254
-0.0000000636497345610093
-0.0000000636295934963331
-0.0000000636699061992343
-0.0000000636490009295907
-0.0000000636886793041345
-0.0000000636670246359274
-0.0000000637060675482273
-0.0000000636836437999507
-0.0000000637220685474234
-0.0000000636988853238054
-0.0000000637366683127655
-0.0000000637127294086775
-0.0000000637498837688633
-0.0000000637251787927466
-0.0000000637617019553904
-0.0000000637362413136898
-0.0000000637721322721953
-0.0000000637459043585872
-0.0000000637811675872325
-0.0000000637541734343331
-0.0000000637888061461208
-0.0000000637610533695087
-0.0000000637950464403509
-0.0000000637665375204168
-0.0000000637998994287418
-0.0000000637706190569681
-0.0000000638033539259509
-0.0000000637733157983011
-0.0000000638054169397857
-0.0000000637746079708835
-0.0000000638060808862293
-0.0000000637745066264886
-0.0000000638053547921118
-0.0000000637730092701507
-0.0000000638032287289171
-0.0000000637701195149221
-0.0000000637997050882022
-0.000000063765837145924
-0.0000000637947889371967
-0.0000000637601639684489
-0.0000000637884754654783
-0.0000000637530795874577
-0.0000000637807735193413
-0.000000063744612397907
-0.0000000637716716550333
-0.0000000637347471238106
-0.0000000637611823104608
-0.0000000637234883914281
-0.0000000637492903337199
-0.0000000637108436152712
-0.0000000637360132028152
-0.0000000636968008560059
-0.0000000637213369589065
-0.0000000636813582427703
-0.0000000637052792734993
-0.0000000636645323371912
-0.0000000636878269787937
-0.0000000636463150976476
-0.000000063668980012214
-0.0000000636267105791368
-0.0000000636487439075294
-0.0000000636057176289499
-0.00000006362712284191
-0.0000000635833244685766
-0.0000000636041180918362
-0.0000000635595559469656
-0.0000000635797196907453
-0.0000000635344030166692
-0.0000000635539397095353
-0.0000000635078586133744
-0.0000000635267723684958
-0.000000063479933310241
-0.0000000634982251725295
-0.00000006345062542275
-0.0000000634682941436648
-0.0000000634199398145081
-0.0000000634369843928285
-0.0000000633878673048095
-0.00000006340430009274
-0.0000000633544181060976
-0.000000063370235412115
-0.0000000633195965480087
-0.0000000633347861572988
-0.0000000632833978374271
-0.0000000632979703952866
-0.0000000632458231682224
-0.0000000632597875394003
-0.0000000632068778108479
-0.0000000632202177466495
-0.0000000631665652531784
-0.0000000631792935874372
-0.0000000631248750407764
-0.0000000631369907955791
-0.000000063081830623981
-0.0000000630933272595132
-0.000000063037414130187
-0.0000000630483044887178
-0.0000000629916319937952
-0.0000000630019165241865
-0.0000000629444906649075
-0.0000000629541610673593
-0.0000000628959935033697
-0.0000000629050575362529
-0.0000000628461392769742
-0.0000000628545942523593
-0.0000000627949289612786
-0.00000006280277847463
-0.0000000627423652196304
-0.000000062749612014598
-0.0000000626884484724942
-0.0000000626950931205405
-0.0000000626331924366556
-0.0000000626392274227417
-0.0000000625765908924054
-0.0000000625820194460879
-0.000000062518636873995
-0.0000000625234788466235
-0.0000000624593456376445
-0.0000000624635913797204
-0.000000062398711882973
-0.0000000624023653214904
-0.0000000623367511651397
-0.0000000623398086994138
-0.0000000622734552086835
-0.0000000622759190756357
-0.0000000622088300765841
-0.0000000622106979342676
-0.0000000621428834155479
-0.0000000621441517463042
-0.000000062075601397068
-0.0000000620762863812359
-0.0000000620070005947987
-0.0000000620070978469855
-0.0000000619370836798108
-0.0000000619366002099844
-0.0000000618658471499049
-0.0000000618647822034398
-0.000000061793305582071
-0.0000000617916462251263
-0.00000006171945116115
-0.00000006171720809519
-0.0000000616442839328466
-0.0000000616414702269375
-0.0000000615678194355342
-0.0000000615644281209576
-0.000000061490055627093
-0.000000061486083590682
-0.0000000614109913500202
-0.0000000614064462858882
-0.0000000613306337742596
-0.0000000613255183224094
-0.0000000612489889465361
-0.0000000612433018531311
-0.0000000611660522477483
-0.0000000611597991971925
-0.0000000610818387038078
-0.000000061075018448484
-0.0000000609963369013097
-0.0000000609889549337168
-0.0000000609095709404134
-0.0000000609016178534572
-0.0000000608215142823276
-0.0000000608130175530958
-0.000000060732202681418
-0.000000060723144715291
-0.0000000606416237740441
-0.0000000606320020223705
-0.0000000605497794563195
-0.0000000605396057101597
-0.0000000604566882473265
-0.0000000604459524523373
-0.0000000603623292433498
-0.0000000603510480054104
-0.0000000602667256925412
-0.0000000602548982976492
-0.0000000601698739516958
-0.0000000601574950771345
-0.0000000600717913117639
-0.0000000600588595620717
-0.000000059972448379291
-0.0000000599589920194981
-0.0000000598718830747327
-0.0000000598578844795674
-0.0000000597700910592589
-0.000000059755545879698
-0.000000059667072954948
-0.0000000596519866804795
-0.0000000595628269314249
-0.0000000595472116506527
-0.0000000594573653742421
-0.0000000594412155964371
-0.0000000593506889106628
-0.0000000593340126185416
-0.0000000592428013717079
-0.0000000592256076991527
-0.0000000591337166107393
-0.0000000591159833129445
-0.0000000590234250661376
-0.0000000590051726402495
-0.0000000589119409126513
-0.000000058893168348639
-0.0000000587992537123534
-0.0000000587799743557898
-0.0000000586853871987638
-0.0000000586655924175651
-0.0000000585703457980267
-0.0000000585500272680745
-0.0000000584541143657514
-0.000000058433291106613
-0.0000000583367109239782
-0.0000000583153780589189
-0.0000000582181475851756
-0.000000058196302296847
-0.0000000580984060875815
-0.000000058076062740643
-0.0000000579775134394836
-0.0000000579546711143767
-0.0000000578554606354538
-0.0000000578321177842488
-0.0000000577322577951257
-0.0000000577084228320553
-0.0000000576079116959895
-0.000000057583577941465
-0.0000000574824281596175
-0.0000000574575960498851
-0.0000000573558031317921
-0.0000000573304885277635
-0.000000057228040202678
-0.0000000572022514468144
-0.0000000570991539365551
-0.0000000570728822415667
-0.0000000569691517899112
-0.0000000569423956567228
-0.0000000568380377522533
-0.0000000568107938848235
-0.0000000567058020907743
-0.0000000566780875534736
-0.0000000565724609717237
-0.0000000565442802313675
-0.0000000564380179150187
-0.0000000564093644849764
-0.0000000563024825414927
-0.0000000562733543089902
-0.0000000561658565578764
-0.0000000561362659195391
-0.0000000560281343563739
-0.0000000559980872265004
-0.0000000558893329705114
-0.0000000558588301996852
-0.0000000557494648144551
-0.0000000557184971704866
-0.0000000556085223436884
-0.0000000555770945871595
-0.0000000554665081654861
-0.0000000554346347245321
-0.0000000553234373986946
-0.0000000552911135176127
-0.0000000551793055110592
-0.0000000551465409999922
-0.0000000550341394547071
-0.0000000550009155594164
-0.0000000548879021072822
-0.0000000548542605606617
-0.0000000547406443299067
-0.000000054706557752838
-0.0000000545923502226149
-0.0000000545578284578826
-0.0000000544430188075271
-0.0000000544080712090303
-0.0000000542926662332826
-0.0000000542572894500048
-0.0000000541413030767243
-0.0000000541054960794061
-0.0000000539889210352726
-0.0000000539526915167636
-0.0000000538355321828171
-0.0000000537988820971728
-0.000000053681144151057
-0.0000000536440688029108
-0.0000000535257593486556
-0.00000005348826512375
-0.0000000533693769953979
-0.0000000533314728270827
-0.0000000532120166864624
-0.000000053173704139398
-0.0000000530536652557157
-0.0000000530149539591603
-0.0000000528943451880851
-0.0000000528552279573795
-0.0000000527340624058128
-0.00000005269453386787
-0.0000000525728028448985
-0.0000000525328891334208
-0.0000000524105895181688
-0.0000000523702875594442
-0.0000000522474243549152
-0.0000000522067250324749
-0.0000000520833161943052
-0.0000000520422268103318
-0.0000000519182596705251
-0.0000000518767868829935
-0.0000000517522760724433
-0.0000000517104110762999
-0.0000000515853561758321
-0.000000051543110860409
-0.0000000514175088014786
-0.0000000513748885848249
-0.0000000512487461069348
-0.0000000512057509678691
-0.0000000510790640862951
-0.0000000510357059024648
-0.0000000509084751447108
-0.000000050864754714362
-0.0000000507369876870202
-0.0000000506928944037485
-0.000000050564605255892
-0.0000000505201442562027
-0.0000000503913250597978
-0.0000000503465123497153
-0.0000000502171642406407
-0.0000000501719919594824
-0.0000000500421193095958
-0.0000000499965949820407
-0.0000000498662005860834
-0.0000000498203297952257
-0.0000000496894176606367
-0.0000000496431853284172
-0.0000000495117758374181
-0.000000049465197108333
-0.0000000493332661270548
-0.0000000492863442419631
-0.0000000491539024551683
-0.0000000491066502535859
-0.0000000489736961853372
-0.0000000489261124276634
-0.0000000487926549351712
-0.000000048744726728736
-0.0000000486107761199621
-0.0000000485625208908344
-0.0000000484280606383998
-0.0000000483794852089742
-0.0000000482445269600568
-0.0000000481956237776865
-0.0000000480601742659289
-0.0000000480109570544129
-0.0000000478750138875574
-0.0000000478254725989334
-0.0000000476890349522799
-0.0000000476391851045836
-0.0000000475022712480945
-0.0000000474520958718344
-0.0000000473147086330556
-0.0000000472642152399916
-0.0000000471263502821579
-0.0000000470755528493212
-0.0000000469372020970887
-0.0000000468861091943819
-0.0000000467472822501617
-0.0000000466958842475902
-0.0000000465565884834416
-0.0000000465049005894165
-0.0000000463651227061831
-0.0000000463131424022705
-0.0000000461729031467186
-0.0000000461206202762003
-0.0000000459799295183377
-0.0000000459273463094238
-0.0000000457861894301385
-0.0000000457333360625256
-0.0000000455917131903711
-0.0000000455385778521891
-0.0000000453964993378202
-0.0000000453430802851451
-0.0000000452005462102827
-0.0000000451468459808081
-0.0000000450038706359981
-0.000000044949898206748
-0.0000000448064619180024
-0.0000000447522225864178
-0.0000000446083407135512
-0.0000000445538289947703
-0.0000000444095140689633
-0.0000000443547327567856
-0.0000000442099678565572
-0.0000000441549353473335
-0.0000000440097233518757
-0.0000000439544318232968
-0.0000000438087872140214
-0.0000000437532332155248
-0.0000000436071626542667
-0.0000000435513501920694
-0.0000000434048478050284
-0.0000000433487885906663
-0.0000000432018538385439
-0.0000000431455466808678
-0.0000000429981837565093
-0.0000000429416334701927
-0.0000000427938515846276
-0.0000000427370491642783
-0.000000042588848955787
-0.0000000425318108144134
-0.0000000423831926301367
-0.0000000423259133307657
-0.0000000421768756649699
-0.0000000421193641322267
-0.0000000419699265811514
-0.0000000419121746147301
-0.0000000417623158344145
-0.0000000417043410287274
-0.0000000415540767196553
-0.0000000414958754247604
-0.0000000413452080430464
-0.0000000412867807666652
-0.000000041135703844691
-0.0000000410770617655947
-0.0000000409255820563684
-0.0000000408667206541126
-0.0000000407148529613683
-0.0000000406557660116648
-0.0000000405034982712831
-0.0000000404442140360065
-0.000000040291536985334
-0.0000000402320419192368
-0.0000000400789857973257
-0.0000000400192752456332
-0.0000000398658335329006
-0.0000000398059173468635
-0.000000039652091843251
-0.000000039591974933303
-0.0000000394377632738506
-0.0000000393774433306885
-0.0000000392228424169398
-0.0000000391623386594884
-0.0000000390073528373137
-0.00000003894665570318
-0.0000000387913002674831
-0.0000000387304047448431
-0.0000000385746694508657
-0.0000000385135949480403
-0.0000000383574846336903
-0.0000000382962133776579
-0.000000038139747421087
-0.0000000380782801471615
-0.0000000379214478144071
-0.0000000378598114167018
-0.0000000377026024545474
-0.0000000376407912898551
-0.0000000374832173870892
-0.0000000374212232121468
-0.0000000372632997911964
-0.0000000372011293562615
-0.0000000370428361729086
-0.0000000369805053538238
-0.0000000368218570308414
-0.0000000367593471316416
-0.0000000366003496665151
-0.0000000365376773320896
-0.000000036378316503755
-0.0000000363154836500275
-0.0000000361557813252275
-0.0000000360927826354579
-0.0000000359327350029208
-0.0000000358695720654704
-0.0000000357091739875751
-0.0000000356458583242375
-0.0000000354851259661245
-0.0000000354216415551649
-0.0000000352605645876834
-0.0000000351969348843481
-0.0000000350355213122222
-0.0000000349717492787892
-0.000000034809992039766
-0.0000000347460636803005
-0.0000000345839695869019
-0.0000000345199046482781
-0.0000000343574794082533
-0.0000000342932741091977
-0.0000000341304978429859
-0.0000000340661579512191
-0.0000000339030647950917
-0.000000033838579197427
-0.0000000336751637092105
-0.0000000336105334657087
-0.0000000334467930348855
-0.0000000333820338211487
-0.0000000332179684531245
-0.0000000331530760781895
-0.0000000329886872704831
-0.0000000329236693511762
-0.00000003275895249866
-0.0000000326938112684343
-0.0000000325287732807001
-0.0000000324635167451473
-0.0000000322981611194203
-0.0000000322327738501357
-0.0000000320671086256278
-0.0000000320015953577033
-0.0000000318356190948198
-0.000000031769983573609
-0.0000000316037032892678
-0.0000000315379521995383
-0.0000000313713564607509
-0.0000000313054895356602
-0.0000000311385927472034
-0.0000000310726089705512
-0.0000000309054085098852
-0.0000000308393146074669
-0.0000000306718050327382
-0.0000000306055999971527
-0.000000030437795947569
-0.0000000303714882752301
-0.000000030203365861229
-0.0000000301369688873716
-0.0000000299685500777791
-0.0000000299020384417108
-0.0000000297333260250419
-0.0000000296667114450816
-0.0000000294977046560333
-0.0000000294309919663215
-0.0000000292616873058799
-0.0000000291948872228455
-0.000000029025281742559
-0.000000028958386794795
-0.0000000287885014973353
-0.0000000287214984962866
-0.0000000285513204174325
-0.0000000284842366200079
-0.0000000283137607567704
-0.0000000282465899287323
-0.0000000280758336535033
-0.000000028008573187031
-0.0000000278375366152477
-0.0000000277701801881282
-0.0000000275988597034264
-0.0000000275314232894931
-0.0000000273598157426372
-0.0000000272922999395531
-0.000000027120405498959
-0.0000000270528132912496
-0.0000000268806407189671
-0.0000000268129664684046
-0.0000000266405211111987
-0.0000000265727620568644
-0.0000000264000440527781
-0.0000000263322016417245
-0.000000026159207539013
-0.0000000260912985517845
-0.0000000259180280184244
-0.0000000258500442050722
-0.0000000256764978259492
-0.000000025608444649492
-0.0000000254346217911167
-0.0000000253665115968771
-0.0000000251924098093563
-0.0000000251242292348624
-0.0000000249498588114321
-0.0000000248816077996311
-0.0000000247069768253151
-0.0000000246386555231844
-0.0000000244637587229584
-0.0000000243953661683872
-0.0000000242202077843181
-0.0000000241517597692057
-0.000000023976324598869
-0.0000000239078272367369
-0.0000000237321219735093
-0.0000000236635598149596
-0.0000000234875977636617
-0.0000000234189682842374
-0.0000000232427493977163
-0.0000000231740716466975
-0.0000000229975824385336
-0.0000000229288509092872
-0.0000000227521005284962
-0.0000000226833108807295
-0.0000000225063064292136
-0.0000000224374643825384
-0.000000022260204919018
-0.0000000221912949488349
-0.0000000220137836112488
-0.0000000219448343601602
-0.0000000217670558088886
-0.0000000216980639245993
-0.000000021520031802335
-0.0000000214509812094179
-0.0000000212727003911678
-0.000000021203594194197
-0.000000021025069033446
-0.0000000209559212510481
-0.0000000207771282033695
-0.0000000207079382434128
-0.0000000205288956764762
-0.000000020459663036539
-0.0000000202803739834056
-0.0000000202110916503912
-0.0000000200315516186733
-0.0000000199622288727006
-0.0000000197824340195955
-0.0000000197130762755808
-0.0000000195330232503762
-0.0000000194636374081918
-0.0000000192833312997677
-0.0000000192139036401436
-0.0000000190333446698062
-0.0000000189638817373089
-0.0000000187830841147784
-0.0000000187135777526138
-0.0000000185325328394621
-0.0000000184629878709263
-0.0000000182816962229752
-0.0000000182121186971723
-0.0000000180305798497388
-0.0000000179609646858225
-0.0000000177791857088601
-0.000000017709537693589
-0.0000000175275051195495
-0.000000017457828526129
-0.0000000172755555173692
-0.0000000172058438882952
-0.000000017023323966287
-0.0000000169535757406729
-0.0000000167708232130085
-0.0000000167010432423711
-0.000000016518038251871
-0.0000000164482381677062
-0.000000016264983631668
-0.0000000161951543207103
-0.0000000160116603095498
-0.0000000159418037619923
-0.0000000157580628960917
-0.0000000156881749890091
-0.0000000155041996151627
-0.0000000154342832892301
-0.0000000152500573684904
-0.0000000151801257000962
-0.0000000149956565418217
-0.0000000149256944062601
-0.0000000147409871246175
-0.0000000146709876068692
-0.0000000144860502650867
-0.0000000144160282159992
-0.0000000142308426455692
-0.0000000141607967482218
-0.0000000139753753511134
-0.0000000139053032860462
-0.000000013719632539647
-0.0000000136495447818569
-0.0000000134636358837781
-0.0000000133935208701943
-0.0000000132073708693676
-0.000000013137238321805
-0.0000000129508400291564
-0.0000000128806859300158
-0.0000000126940481767455
-0.0000000126238749645096
-0.000000012436992847134
-0.0000000123668072340635
-0.0000000121796800411951
-0.0000000121094628336669
-0.0000000119221047908735
-0.0000000118518626003745
-0.0000000116642626371037
-0.0000000115940061231042
-0.0000000114061568716958
-0.0000000113358908060233
-0.0000000111477988844289
-0.0000000110775009937746
-0.000000010889181571983
-0.0000000108188569535677
-0.0000000106302914905077
-0.0000000105599582426593
-0.0000000103711435527493
-0.0000000103007905551133
-0.000000010111747908799
-0.0000000100413547676506
-0.00000000985208076935555
-0.00000000978166698639641
-0.00000000959214722772255
-0.00000000952172837676048
-0.00000000933195625299652
-0.0000000092615166648975
-0.00000000907150683710042
-0.00000000900104369171678
-0.00000000881079070917359
-0.00000000874031189662019
-0.00000000854981589464033
-0.00000000847931530908313
-0.00000000828858145741354
-0.0000000082180576590883
-0.00000000802707475298675
-0.00000000795654593620991
-0.00000000776531149423043
-0.00000000769476406143183
-0.00000000750328451972004
-0.00000000743270797613594
-0.00000000724100000913341
-0.00000000717040140647308
-0.00000000697843718193795
-0.0000000069078339913219
-0.00000000671561700455331
-0.00000000664498842384559
-0.00000000645254006559828
-0.00000000638187833795615
-0.00000000618918155454102
-0.00000000611851818148191
-0.00000000592556151674835
-0.00000000585487317074957
-0.00000000566167405008269
-0.00000000559097591070421
-0.00000000539751913320703
-0.00000000532679605825243
-0.00000000513309838111103
-0.00000000506235356238729
-0.00000000486840763421914
-0.00000000479763220959657
-0.00000000460344707581613
-0.00000000453264995551958
-0.0000000043382098958
-0.00000000426740127493182
-0.00000000407270087527113
-0.00000000400187076295931
-0.00000000380691849366803
-0.00000000373606558844107
-0.00000000354086456675015
-0.00000000346999533146044
-0.00000000327452524010428
-0.0000000032036451700359
-0.00000000300792105539951
-0.00000000293701691541642
-0.00000000274104528156118
-0.00000000267009072890594
-0.00000000247389010502177
-0.00000000240291426990893
-0.00000000220643256659494
-0.000000002135453650489
-0.00000000193871598890047
-0.00000000186770636257666
-0.00000000167070744579473
-0.00000000159967383082534
-0.00000000140241939520861
-0.00000000133135473837484
-0.00000000113385469173325
-0.0000000010627542123593
-0.000000000864991504157058
-0.000000000793877850812562
-0.000000000595834866223085
-0.000000000524701665071844
-0.000000000326405238653051
-0.000000000255240551410162
-0.0000000000566819991955922
0.000000000014515922663377
0.000000000213334875350962
0.00000000028455817601222
0.00000000048364244981765
0.000000000554898782700206
0.000000000754251111702958
0.000000000825529033479923
0.00000000102515788954927
0.00000000109646339024913
0.00000000129634540679157
0.00000000136769057983075
0.00000000156784058057383
0.00000000163921990769887
0.00000000183963682893089
0.00000000191105228340899
0.00000000211174200627364
0.00000000218318056512966
0.00000000238414915701451
0.00000000245561448448345
0.00000000265685752754816
0.00000000272835749028536
0.00000000292987020617154
0.00000000300141340053333
0.00000000320319526486019
0.00000000327477133098212
0.00000000347683820038676
0.00000000354843908334927
0.00000000375078659602618
0.00000000382243618526515
0.0000000040250444789659
0.00000000409672885184043
0.00000000429963100034619
0.00000000437133848769732
0.00000000457453199813533
0.00000000464628315212793
0.00000000484974068113045
0.00000000492154414892421
0.00000000512528214502333
0.00000000519712629759658
0.00000000540114938352647
0.00000000547301883784169
0.00000000567732932279537
0.00000000574925398671568
0.00000000595385178475051
0.00000000602581864686057
0.00000000623069768378536
0.00000000630269787903792
0.00000000650787792991975
0.00000000657992198609294
0.00000000678538505802256
0.0000000068574812621264
0.00000000706322318394299
0.00000000713537657912744
0.00000000734141914526945
0.000000007413590803423
0.00000000761994425347752
0.00000000769216487075938
0.00000000789880294040765
0.00000000797108386459507
0.0000000081780109183894
0.000000008250337534843
0.0000000084575680676001
0.00000000852994229587269
0.00000000873746587705004
0.00000000880989648408689
0.00000000901771748437501
0.00000000909019706660443
0.00000000929832081679216
0.00000000937085502169019
0.00000000957928035203792
0.00000000965187077422244
0.00000000986059235148229
0.00000000993323113572971
0.0000000101422687111931
0.0000000102149584048481
0.0000000104243008329603
0.000000010497052802532
0.0000000107066892237279
0.00000001077950911672
0.0000000109894487810088
0.0000000110623223236861
0.0000000112725964852568
0.0000000113455034047855
0.0000000115560821384459
0.0000000116290573801157
0.000000011839954862455
0.0000000119129996689164
0.0000000121241867420804
0.0000000121973033787188
0.0000000124088100812541
0.0000000124819801815129
0.0000000126938157016657
0.0000000127670355992368
0.0000000129791888666021
0.0000000130524774703318
0.0000000132649409372876
0.0000000133383131637138
0.0000000135510865980361
0.0000000136245232185282
0.0000000138376220008783
0.0000000139111162342569
0.000000014124548641998
0.0000000141980973736963
0.0000000144118679141205
0.0000000144854774488118
0.0000000146995687958762
0.0000000147732597213209
0.0000000149876680660964
0.0000000150614367289981
0.0000000152761704114813
0.0000000153500047361588
0.0000000155650741335475
0.0000000156389827492374
0.0000000158543741749373
0.0000000159283583750481
0.0000000161440817309837
0.0000000162181415411834
0.0000000164341930519213
0.0000000165083376038056
0.0000000167247287925961
0.0000000167989317646366
0.0000000170156708818134
0.0000000170899484106996
0.0000000173070135941245
0.0000000173813810983665
0.0000000175987788254426
0.000000017673220426677
0.0000000178909696567899
0.0000000179654840764585
0.0000000181835797048871
0.0000000182581701439939
0.0000000184766051335719
0.0000000185512814359546
0.0000000187700576452802
0.0000000188448170549785
0.0000000190639327969963
0.0000000191387838601597
0.0000000193582424523583
0.0000000194331740926618
0.0000000196529833260048
0.0000000197280030725086
0.0000000199481568262752
0.0000000200232643483783
0.0000000202437674267907
0.0000000203189465732558
0.0000000205398291110451
0.0000000206150721421125
0.0000000208363004249568
0.000000020911658682603
0.0000000211332345436977
0.0000000212086698794218
0.0000000214306084513592
0.0000000215061324341269
0.0000000217284210463896
0.0000000218040486410796
0.0000000220266891424132
0.0000000221023949184518
0.0000000223254013017234
0.0000000224012088369575
0.0000000226245630313372
0.0000000227004689470925
0.0000000229241862621463
0.0000000230001811149205
0.0000000232242668935867
0.0000000233003582917608
0.000000023524800635616
0.0000000236009791675235
0.0000000238257942261056
0.0000000239020577515465
0.00000002412725298448
0.0000000242036259101932
0.0000000244291659268521
0.0000000245056398991103
0.0000000247315518117661
0.0000000248081140455851
0.0000000250344115454511
0.0000000251110657928299
0.0000000253377193488909
0.000000025414493876734
0.0000000256415038876367
0.0000000257183851478749
0.00000002594576664425
0.000000026022752043855
0.0000000262505047747036
0.0000000263275877161774
0.0000000265557172582353
0.0000000266328974977031
0.0000000268614146436909
0.0000000269386882999724
0.0000000271675843997476
0.0000000272449629328157
0.0000000274742303430697
0.0000000275517150905565
0.0000000277813595624795
0.0000000278589547012707
0.0000000280889856176049
0.0000000281666719502868
0.0000000283970806661507
0.0000000284748756623423
0.0000000287056734995466
0.0000000287835740107046
0.0000000290147503279416
0.0000000290927575252371
0.0000000293243138881983
0.0000000294024313591885
0.0000000296343747916762
0.0000000297125936430935
0.000000029944928957713
0.0000000300232478744499
0.0000000302559677892099
0.0000000303344056101991
0.0000000305675063548824
0.0000000306460625486711
0.0000000308795419847381
0.0000000309581994671582
0.0000000311920772841306
0.0000000312708405896834
0.0000000315051105869574
0.0000000315839857587151
0.0000000318186452411365
0.0000000318976209781791
0.0000000321326827419062
0.00000003221177041806
0.0000000324472131834393
0.0000000325264273102648
0.0000000327622383996709
0.0000000328415712943744
0.0000000330777982035788
0.0000000331572182965949
0.0000000333938491313767
0.000000033473372685175
0.0000000337104032107847
0.0000000337900526930956
0.0000000340274603793011
0.0000000341072180430981
0.0000000343450281103248
0.0000000344249011516524
0.0000000346631101487627
0.0000000347430982416246
0.0000000349816839164664
0.000000035061796350129
0.0000000353007821231965
0.0000000353810043924521
0.0000000356204012649807
0.0000000357007205113643
0.0000000359405174816596
0.000000036020945164614
0.0000000362611526331848
0.0000000363416896637367
0.0000000365822951193944
0.000000036662945837292
0.0000000369039402575443
0.0000000369847172181379
0.000000037226115301456
0.0000000373069959729764
0.0000000375487980538084
0.0000000376297885852665
0.0000000378719880349429
0.0000000379531050717536
0.0000000381956949037179
0.0000000382769208655726
0.0000000385199216170637
0.0000000386012555986422
0.0000000388446598094812
0.000000038926105925968
0.0000000391699114411147
0.0000000392514733167744
0.000000039495682634579
0.0000000395773403716141
0.0000000398219567006671
0.0000000399037487137205
0.0000000401487542542574
0.0000000402306407115648
0.0000000404760689162508
0.0000000405580665624912
0.0000000408038886122994
0.0000000408860072616004
0.0000000411322235308881
0.0000000412144474039255
0.0000000414610767352847
0.0000000415434110240286
0.0000000417904460740978
0.0000000418728864539356
0.0000000421203233979221
0.0000000422028662018899
0.000000042450711371919
0.000000042533370789182
0.0000000427816039330525
0.0000000428643803019836
0.0000000431130264734791
0.0000000431958950409725
0.0000000434449550402147
0.0000000435279281578147
0.0000000437773857248258
0.0000000438604642797268
0.0000000441103324168181
0.0000000441935028831945
0.0000000444437834733664
0.0000000445270708404916
0.0000000447777432210638
0.0000000448611267499375
0.000000045112212471296
0.000000045195693827863
0.0000000454471780885005
0.0000000455307709487479
0.0000000457826568390479
0.000000045866346161415
0.0000000461186330128703
0.0000000462024309478746
0.0000000464551125701281
0.0000000465390161905348
0.0000000467920922661345
0.0000000468760976330452
0.0000000471295690878012
0.0000000472136723533006
0.0000000474675568737087
0.0000000475517513110925
0.0000000478060304024207
0.0000000478903218193744
0.0000000481449976834377
0.0000000482293889320673
0.0000000484844690900902
0.0000000485689510948575
0.0000000488244303880704
0.0000000489089966345412
0.0000000491648723222756
0.0000000492495338052257
0.0000000495058132221421
0.0000000495905623104792
0.0000000498472282470096
0.0000000499320757323016
0.0000000501891384397513
0.000000050274069786678
0.0000000505315285940223
0.0000000506165528633284
0.0000000508743949027856
0.0000000509595051941311
0.000000051217745148228
0.0000000513029243495476
0.0000000515615778347082
0.0000000516468373345417
0.0000000519058745671842
0.0000000519912225211703
0.0000000522506343426778
0.0000000523360714483975
0.0000000525958877473227
0.0000000526813822842499
0.000000052941585604253
0.0000000530271671695996
0.0000000532877493264898
0.0000000533734154444641
0.0000000536343945579314
0.0000000537201119289443
0.0000000539814695107619
0.0000000540672915041678
0.0000000543290156801294
0.0000000544148932973031
0.000000054677018711964
0.0000000547629540178136
0.0000000550254618527349
0.0000000551114781604988
0.0000000553743595451628
0.0000000554604366403197
0.0000000557236988794696
0.0000000558098340433144
0.0000000560734727614932
0.0000000561596741165822
0.0000000564236984758959
0.0000000565099442009971
0.0000000567743437856735
0.0000000568606581985578
0.0000000571254172249897
0.0000000572118021607922
0.0000000574769272689762
0.0000000575633508023847
0.0000000578288626894818
0.0000000579153410257628
0.0000000581812092901533
0.0000000582677363117884
0.0000000585339756076296
0.0000000586205496151892
0.0000000588871624724388
0.0000000589737719679947
0.000000059240740564392
0.0000000593274008908712
0.0000000595947466643725
0.0000000596814355184934
0.0000000599491268690684
0.0000000600358684684285
0.0000000603039126941536
0.000000060390697749498
0.0000000606590918747813
0.0000000607459069090086
0.000000061014656674337
0.0000000611015097466832
0.0000000613706175193918
0.0000000614574828953724
0.0000000617269541448848
0.0000000618138400782809
0.0000000620836470861398
0.0000000621705736450199
0.0000000624407249639596
0.0000000625276608495631
0.0000000627981593169656
0.0000000628851223216311
0.0000000631559647651497
0.0000000632429417199339
0.0000000635141241452805
0.0000000636011033260316
0.0000000638726258693332
0.0000000639596239071255
0.0000000642314651580665
0.0000000643184834996594
0.0000000645906664781942
0.0000000646776693627876
0.0000000649502087371358
0.0000000650371980548592
0.0000000653100576625817
0.0000000653970578753893
0.0000000656702304905761
0.0000000657572381517046
0.0000000660307285993261
0.0000000661177252460296
0.0000000663915498299952
0.0000000664785254940699
0.0000000667526731086153
0.0000000668396400620402
0.0000000671140976968501
0.0000000672010370610145
0.0000000674758258855859
0.000000067562738261191
0.0000000678378217076708
0.0000000679247451135557
0.0000000682001110050211
0.0000000682870126383827
0.000000068562695193573
0.0000000686495450612576
0.0000000689255504137525
0.0000000690123587440751
0.0000000692886611161359
0.0000000693754306001758
0.0000000696520384008772
0.0000000697387640435157
0.0000000700156749874169
0.000000070102349344072
0.0000000703795332885919
0.0000000704661871655918
0.0000000707436528655518
0.0000000708302460730872
0.0000000711080040737814
0.0000000711945404492724
0.0000000714725765424212
0.0000000715590705864106
0.0000000718373754610205
0.0000000719238028477115
0.0000000722023856078642
0.000000072288753335993
0.0000000725676093154376
0.0000000726538900699114
0.0000000729330292173492
0.0000000730192413176362
0.000000073298642114391
0.0000000733847768113733
0.0000000736644392623997
0.000000073750491528731
0.0000000740304081982568
0.0000000741163904028594
0.0000000743965471974797
0.0000000744824484933241
0.0000000747628748763524
0.0000000748486533037078
0.0000000751293307976922
0.0000000752150350631872
0.0000000754959396301495
0.0000000755815449488958
0.0000000758626988634217
0.0000000759481853805639
0.0000000762295881369004
0.0000000763149719477099
0.0000000765966038281124
0.0000000766818584825448
0.0000000769637365413129
0.0000000770488812042873
0.0000000773309587077906
0.0000000774159949856938
0.000000077698304311439
0.0000000777832026142823
0.0000000780657363869877
0.0000000781505090305493
0.0000000784332571438676
0.0000000785178836004726
0.0000000788008432208475
0.0000000788853357277082
0.0000000791685011977508
0.0000000792528516633012
0.0000000795362275832715
0.0000000796204173470346
0.0000000799039921876352
0.0000000799880300552887
0.0000000802717956607428
0.0000000803556912765146
0.000000080639638062891
0.0000000807233733654845
0.0000000810074984064806
0.0000000810910687292883
0.0000000813753845167508
0.0000000814587797504977
0.0000000817432773532805
0.0000000818264787816843
0.0000000821111580515261
0.0000000821941922439651
0.0000000824790201600714
0.0000000825618737211654
0.0000000828468910832159
0.0000000829295203749124
0.00000008321471210658
0.0000000832971442291801
0.0000000835824753125906
0.000000083664722090369
0.0000000839502173320368
0.0000000840322422079398
0.0000000843178844215484
0.0000000843997027002794
0.0000000846854765099425
0.0000000847670923992891
0.0000000850529922187517
0.0000000851343915816248
0.0000000854204270344535
0.0000000855015959116806
0.0000000857877591953027
0.0000000858686881854887
0.0000000861549907920087
0.0000000862356821136029
0.0000000865220871579215
0.0000000866025486421865
0.0000000868890606284891
0.0000000869692663288185
0.0000000872559250319981
0.0000000873358429782356
0.0000000876226019558278
0.0000000877022790280394
0.0000000879891212617386
0.0000000880685528173913
0.0000000883554787081337
0.0000000884346372277418
0.0000000887216569607715
0.000000088800530165833
0.0000000890876501030209
0.0000000891662302356657
0.0000000894534363048674
0.0000000895317350541042
0.0000000898189988806987
0.0000000898970110512078
0.0000000901843587402012
0.0000000902620433595193
0.0000000905494771114113
0.0000000906268579386167
0.0000000909143361664968
0.0000000909914227886109
0.0000000912789413474025
0.0000000913557104766867
0.0000000916432908995986
0.0000000917197414571961
0.0000000920073513279974
0.0000000920834691546137
0.000000092371125861788
0.0000000924469087987331
0.0000000927345800357703
0.00000009281005399187
0.0000000930977629361636
0.0000000931728488343795
0.0000000934606006008999
0.0000000935353341808187
0.000000093823086241008
0.0000000938974867197823
0.0000000941852441075368
0.0000000942592492985141
0.0000000945470484235332
0.0000000946206874876474
0.0000000949084580299137
0.000000094981734872463
0.0000000952694862076623
0.0000000953423879827693
0.0000000956301400134027
0.0000000957026426818838
0.0000000959903798864895
0.0000000960624732805497
0.0000000963501984226405
0.0000000964218982197776
0.0000000967095845718635
0.0000000967808754704354
0.0000000970685232218424
0.0000000971394043690328
0.0000000974270218075831
0.000000097497469244738
0.0000000977850497653334
0.0000000978550641957597
0.0000000981425754418711
0.0000000982121765739699
0.0000000984996312694228
0.0000000985687858531499
0.0000000988561800621095
0.0000000989248722906627
0.000000099212213414479
0.0000000992804520230777
0.0000000995677038127045
0.0000000996354963720178
0.0000000999226626355844
0.0000000999899831556651
0.000000100277063083668
0.000000100343903213513
0.000000100630894811671
0.000000100697269605021
0.000000100984134839257
0.000000101050025682841
0.000000101336806812314
0.000000101402187220948
0.000000101688859569328
0.000000101753741526835
0.000000102040290340428
0.000000102104662896972
0.000000102391093569007
0.000000102454940374451
0.000000102741243501093
0.000000102804579584224
0.000000103090740364571
0.000000103153543480601
0.000000103439572797518
0.000000103501826060713
0.00000010378770536089
0.000000103849429240928
0.000000104135137425691
0.000000104196310845668
0.000000104481868936593
0.000000104542478230417
0.000000104827868704202
0.000000104887922236863
0.000000105173131022227
0.000000105232613585025
0.000000105517643952415
0.000000105576540771538
0.00000010586138501283
0.00000010591969924804
0.000000106204341306645
0.000000106262071289625
0.000000106546522108194
0.000000106603644512293
0.00000010688788524
0.000000106944392168049
0.000000107228430559549
0.000000107284324814516
0.000000107568129168264
0.000000107623419123721
0.000000107906973409985
0.000000107961650719717
0.000000108244985140749
0.000000108299005162848
0.000000108582095348086
0.000000108635491523511
0.000000108918328696709
0.000000108971063466623
0.000000109253661514979
0.000000109305715979273
0.000000109588077195347
0.000000109639455319319
0.000000109921542055151
0.000000109972271571697
0.00000011025406863225
0.000000110304112227671
0.000000110585637152216
0.000000110634993500448
0.000000110916218738382
0.000000110964888606432
0.000000111245826249663
0.000000111293786957159
0.000000111574430154658
0.000000111621671732716
0.000000111902005309188
0.00000011194854215028
0.00000011222855405725
0.000000112274357253998
0.000000112554050064745
0.000000112599132632313
0.000000112878490534406
0.000000112922831201668
0.000000113201862929409
0.000000113245428777702
0.000000113524144104957
0.000000113566958931977
0.000000113845312523635
0.00000011388736966019
0.000000114165344878833
0.000000114206651683596
0.000000114484270260873
0.000000114524780614994
0.000000114802035647885
0.000000114841772017935
0.000000115118641427336
0.000000115157583520606
0.000000115434071538653
0.000000115472211042553
0.000000115748304475568
0.000000115785634207071
0.000000116061335624114
0.00000011609783810106
0.000000116373146010175
0.000000116408828493006
0.000000116683712108033
0.000000116718568452028
0.000000116993038740954
0.000000117027043042669
0.000000117301091194509
0.000000117334246706412
0.000000117607857951582
0.000000117640174111318
0.000000117913332644838
0.000000117944784578654
0.000000118217506709622
0.000000118248086018475
0.000000118520339170902
0.000000118550051727445
0.000000118821839742197
0.000000118850668813942
0.00000011912198971974
0.000000119149921522036
0.000000119420770855962
0.000000119447785694807
0.000000119718161592247
0.000000119744280379602
0.000000120014145829603
0.000000120039357800366
0.000000120308733369442
0.000000120333001563414
0.000000120601887264824
0.000000120625219564209
0.000000120893589065449
0.000000120915983617209
0.000000121183828456261
0.000000121205279545613
0.000000121472619030294
0.000000121493089413077
0.000000121759888691095
0.00000012177941258699
0.000000122045670264665
0.000000122064214853653
0.000000122329938078224
0.000000122347491594131
0.000000122612653137588
0.000000122629233374264
0.000000122893821582585
0.000000122909424747394
0.000000123173443148888
0.000000123188021853117
0.000000123451479841997
0.000000123465052734481
0.000000123727905992384
0.000000123740472441077
0.000000124002744760832
0.000000124014268011623
0.000000124275964412771
0.000000124286436203578
0.000000124547528737827
0.000000124556975123807
0.000000124817434958369
0.000000124825840392903
0.000000125085682015279
0.000000125093027784401
0.000000125352237420158
0.000000125358533600263
0.00000012561710274997
0.000000125622318425297
0.000000125880271087356
0.00000012588437545605
0.000000126141701039857
0.000000126144719870964
0.000000126401372581603
0.000000126403302824101
0.000000126659288011148
0.000000126660120866165
0.000000126915444813523
0.000000126915153223263
0.000000127169808755284
0.00000012716839848513
0.000000127422382392165
0.000000127419823631577
0.000000127673121121815
0.000000127669437257032
0.000000127922021823863
0.000000127917201548453
0.000000128169095973375
0.000000128163119915823
0.000000128414295550595
0.000000128407165258686
0.000000128657626466081
0.000000128649332883954
0.000000128899060985821
0.000000128889591904479
0.000000129138581161829
0.000000129127947123938
0.000000129376195676709
0.000000129364361908443
0.000000129611885978678
0.000000129598839456624
0.000000129845612739673
0.000000129831363593969
0.000000130077382237869
0.000000130061906248484
0.000000130307166167375
0.000000130290483126915
0.000000130534952006054
0.000000130517031445848
0.000000130760750663201
0.00000013074159098761
0.000000130984504504805
0.000000130964126137928
0.000000131206229887171
0.000000131184594613783
0.000000131425904721978
0.000000131403016770619
0.00000013164352249787
0.000000131619358998654
0.000000131859054444728
0.000000131833614042906
0.000000132072507642254
0.000000132045774636936
0.000000132283837170146
0.000000132255827726911
0.000000132493035808696
0.000000132463734198547
0.000000132700123106105
0.000000132669503743234
0.000000132905049154453
0.000000132873122069736
0.000000133107809810439
0.000000133074567578919
0.000000133308396198212
0.00000013327382707566
0.000000133506769439416
0.000000133470894228818
0.000000133702969913982
0.000000133665721659242
0.000000133896931855766
0.000000133858354756563
0.000000134088664433434
0.000000134048736148971
0.000000134278143640154
0.000000134236852206543
0.000000134465374659142
0.000000134422704301247
0.000000134650323583496
0.000000134606274196536
0.000000134832990802968
0.000000134787556959386
0.000000135013345777532
0.000000134966524667416
0.00000013519139310938
0.000000135143160393364
0.000000135367109657844
0.000000135317471306828
0.000000135540476168794
0.000000135489446530174
0.000000135711489709931
0.000000135659043471901
0.000000135880146164449
0.000000135826245298813
0.000000136046426844742
0.000000135991083058228
0.000000136210284984515
0.000000136153507190823
0.00000013637176225135
0.000000136313524503755
0.000000136530799590388
0.000000136471117722831
0.000000136687404355363
0.00000013662626456036
0.00000013684155044126
0.000000136778968447691
0.000000136993244614604
0.00000013692919529188
0.000000137142488377905
0.000000137076921017068
0.000000137289222228372
0.000000137222191416737
0.000000137433461314884
0.000000137364946224636
0.00000013757519743861
0.000000137505160272834
0.000000137714411755863
0.000000137642859379338
0.000000137851097197863
0.000000137778022816213
0.000000137985208448675
0.000000137910628270584
0.000000138116775129107
0.000000138040656968569
0.000000138245773419545
0.000000138168127724533
0.000000138372176973765
0.000000138292984857739
0.000000138495997930889
0.000000138415244347716
0.000000138617199051854
0.000000138534914839359
0.000000138735774150343
0.000000138651924981422
0.000000138851725454196
0.000000138766300127152
0.000000138965034764463
0.000000138878052835332
0.000000139075678769357
0.000000138987118547164
0.000000139183660760866
0.000000139093525455356
0.00000013928897441154
0.000000139197218344928
0.000000139391586155551
0.000000139298249358367
0.000000139491486787639
0.000000139396558719772
0.000000139588690796315
0.000000139492156656712
0.00000013968316555423
0.000000139585012800599
0.000000139774916402933
0.000000139675120198644
0.000000139863908215428
0.000000139762498623709
0.000000139950143611111
0.00000013984709880941
0.000000140033623768769
0.000000139928934475247
0.000000140114313048186
0.000000140007983604114
0.000000140192205020809
0.00000014008423849402
0.000000140267325007514
0.000000140157684872656
0.000000140339619397697
0.000000140228313742009
0.000000140409090406337
0.000000140296131384859
0.00000014047572906384
0.000000140361098474208
0.000000140539539467278
0.000000140423229757407
0.000000140600484691953
0.000000140482503267109
0.00000014065858665246
0.000000140538899311112
0.000000140713809739657
0.000000140592438440264
0.000000140766144582338
0.000000140643073888989
0.000000140815606877916
0.000000140690840299523
0.000000140862153856026
0.000000140735664445913
0.000000140905792034514
0.000000140777596797257
0.000000140946535919142
0.000000140816647582266
0.000000140984318069466
0.000000140852681018913
0.000000141019239839311
0.000000140885808745069
0.000000141051116366253
0.000000140915986952487
0.000000141080077887164
0.000000140943249244915
0.000000141106102158872
0.000000140967501625422
0.000000141129139224285
0.00000014098877621777
0.000000141149172287493
0.000000141007068643024
0.000000141166246680107
0.00000014102237637738
0.000000141180311356092
0.00000014103467716797
0.000000141191378775432
0.000000141043973779289
0.000000141199438605211
0.000000141050258133506
0.000000141204451613957
0.000000141053514348352
0.000000141206429864154
0.000000141053727224063
0.000000141205408690754
0.000000141050901471962
0.000000141201333814171
0.000000141045030965086
0.000000141194189254446
0.000000141036110539436
0.00000014118399702817
0.000000141024112157291
0.000000141170747303901
0.000000141009040356408
0.000000141154403403577
0.00000014099090195338
0.000000141134988141777
0.000000140969688611436
0.000000141112478552631
0.000000140945370891469
0.000000141086888413172
0.00000014091794547964
0.000000141058187957545
0.000000140887433532084
0.00000014102637169916
0.000000140853796000559
0.000000140991453917657
0.000000140817039733278
0.000000140953422287915
0.000000140777165118781
0.000000140912241276516
0.000000140734159129339
0.00000014086793724505
0.000000140688029924012
0.000000140820483757454
0.000000140638735828007
0.000000140769895417246
0.000000140586306405336
0.000000140716164990083
0.000000140530718331276
0.00000014065927147496
0.000000140471958753809
0.000000140599202792255
0.000000140410056989977
0.000000140535986496112
0.000000140344971241181
0.000000140469587528286
0.0000001402767066264
0.000000140400018527435
0.000000140205274298851
0.000000140327266624013
0.000000140130635707451
0.000000140251314874
0.000000140052838857374
0.000000140172174427518
0.000000139971827055679
0.000000140089846602535
0.000000139887619798803
0.000000140004307072902
0.000000139800216689588
0.000000139915565521071
0.000000139709585823184
0.000000139823625647093
0.000000139615752103557
0.00000013972846712902
0.000000139518711732071
0.000000139630074553239
0.000000139418447304548
0.000000139528478977994
0.000000139314958744047
0.000000139423655377627
0.000000139208237731642
0.000000139315602246936
0.00000013909828299878
0.000000139204320803165
0.000000138985114434128
0.000000139089794768713
0.000000138868702785778
0.000000138972033734338
0.000000138749033737011
0.000000138851052491171
0.000000138626114638943
0.000000138726818986941
0.000000138499979018672
0.000000138599309074083
0.000000138370599296767
0.000000138468564829945
0.000000138237967535507
0.000000138334587685418
0.000000138102040369798
0.00000013819735685578
0.000000137962880704291
0.000000138056857212604
0.000000137820491924641
0.000000137913101905093
0.00000013767481686533
0.000000137766085451798
0.000000137525879393003
0.000000137615804253815
0.000000137373696991292
0.000000137462270157427
0.000000137218247647372
0.000000137305468340159
0.000000137059514884925
0.000000137145401114835
0.00000013689752951261
0.000000136982067880059
0.000000136732262007598
0.000000136815480031284
0.000000136563736912009
0.000000136645596843905
0.000000136391954964622
0.0000001364724526089
0.000000136216900656643
0.000000136296050321803
0.000000136038547187396
0.000000136116369305322
0.00000013585696158232
0.000000135933411617375
0.000000135672084577841
0.000000135747192730526
0.000000135483928680088
0.000000135557701959218
0.00000013529251437057
0.000000135364946210551
0.00000013509782455833
0.000000135168918431748
0.000000134899862686728
0.000000134969618436694
0.00000013469862412476
0.000000134767044985201
0.000000134494137817602
0.000000134561195570185
0.00000013428636879323
0.000000134352100413713
0.000000134075323311187
0.000000134139734052807
0.0000001338610296707
0.000000133924090089566
0.000000133643462712798
0.000000133705185977645
0.000000133422626624099
0.000000133483010027785
0.000000133198539306302
0.000000133257593289693
0.000000132971177418632
0.000000133028905922239
0.000000132740570766522
0.000000132796964305051
0.000000132506711881164
0.000000132561758113211
0.000000132269571252639
0.000000132323308870092
0.000000132029189340878
0.000000132081602947391
0.000000131785561564016
0.000000131836655412208
0.000000131538704485568
0.000000131588453418156
0.000000131288557799835
0.000000131337009933652
0.000000131035206120539
0.000000131082333914784
0.000000130778599804753
0.000000130824409420307
0.000000130518751530934
0.000000130563250528195
0.00000013025569469096
0.00000013029886269983
0.000000129989393651246
0.000000130031253230158
0.00000012971985390015
0.000000129760414075453
0.000000129447102440146
0.000000129486371046457
0.000000129171135567465
0.000000129209077119795
0.000000128891946438301
0.000000128928599209728
0.000000128609560782042
0.000000128644905760336
0.000000128323947430503
0.000000128358016458321
0.000000128035143687338
0.000000128067912078768
0.000000127743141471624
0.000000127774623851349
0.000000127447945351964
0.000000127478148714705
0.000000127149563646224
0.000000127178477883426
0.000000126848003830002
0.000000126875631821121
0.000000126543251846589
0.000000126569612800045
0.000000126235335202465
0.000000126260428977425
0.000000125924254364497
0.000000125948061995732
0.000000125610006660884
0.000000125632558094414
0.000000125292618212574
0.000000125313889679335
0.000000124972054273299
0.000000124992087012984
0.000000124648354473683
0.000000124667133334175
0.000000124321530883684
0.000000124339044906452
0.000000123991550552271
0.000000124007844190356
0.000000123658465204121
0.000000123673493302322
0.00000012332227211158
0.000000123336036405991
0.000000122982941327839
0.000000122995477761107
0.000000122640513707139
0.000000122651836758599
0.000000122294978240486
0.000000122305059857843
0.000000121946378732906
0.000000121955232597649
0.000000121594655937421
0.00000012160231256976
0.000000121239885952517
0.000000121246316942279
0.000000120882041517443
0.000000120887260647146
0.000000120521128585059
0.000000120525128489494
0.000000120157177142866
0.000000120159972608128
0.000000119790166481657
0.000000119791765813906
0.000000119420107733498
0.000000119420531092759
0.000000119047048730438
0.000000119046259606634
0.000000118670947246957
0.000000118668974057129
0.000000118291846247682
0.000000118288682519786
0.000000117909723948357
0.000000117905414289029
0.000000117524601051785
0.000000117519135619706
0.000000117136512672835
0.000000117129863633974
0.000000116745448341169
0.000000116737643101664
0.000000116351395192096
0.000000116342442958983
0.000000115954407975325
0.000000115944288011818
0.000000115554457750328
0.000000115543197177716
0.000000115151559102628
0.000000115139172193361
0.000000114745747398053
0.000000114732221426419
0.000000114337002851406
0.000000114322359097324
0.000000113925345313448
0.000000113909587257687
0.000000113510801392153
0.000000113493906174472
0.000000113093351196367
0.000000113075360457948
0.000000112673034746566
0.000000112653946942995
0.000000112249838093014
0.000000112229655303113
0.000000111823787182123
0.000000111802509034165
0.000000111394887963887
0.000000111372525568164
0.000000110963160751347
0.000000110939689554272
0.000000110528606870688
0.000000110504054922526
0.000000110091228182042
0.000000110065624115981
0.000000109651038792662
0.000000109624376032255
0.000000109208065881145
0.000000109180339396141
0.000000108762311012983
0.000000108733539293398
0.000000108313780341017
0.000000108283976841902
0.000000107862497802091
0.000000107831654949847
0.000000107408476934364
0.000000107376600900267
0.00000010695169384127
0.000000106918823269293
0.000000106492208301538
0.000000106458314012433
0.000000106030024359397
0.00000010599511242282
0.00000010556512539197
0.000000105529209484254
0.000000105097556039201
0.000000105060635053202
0.000000104627312288207
0.000000104589391455782
0.000000104154389418852
0.000000104115504792698
0.000000103678834144904
0.00000010363897356961
0.000000103200643008721
0.000000103159823642714
0.000000102719814155062
0.000000102678052085426
0.000000102236406079185
0.000000102193670091888
0.000000101750396681171
0.000000101706704996977
0.000000101261794710857
0.000000101217174825613
0.000000100770625302306
0.000000100725077560883
0.000000100276904230644
0.000000100230435407973
0.0000000997806586527445
0.0000000997332476223858
0.0000000992818673245001
0.0000000992335651234816
0.0000000987805559986675
0.0000000987313637762901
0.0000000982767746866882
0.000000098226655984595
0.0000000977704783810343
0.0000000977195091152725
0.0000000972617059111456
0.000000097209888057801
0.0000000967505070331881
0.000000096697797947555
0.0000000962368504833689
0.0000000961832750412579
0.0000000957207706903491
0.0000000956663537916621
0.0000000952022765271758
0.0000000951470150507015
0.0000000946813927126596
0.0000000946252655336291
0.0000000941581275792982
0.0000000941011730114323
0.0000000936324857287177
0.0000000935747082337519
0.0000000931044787636456
0.0000000930459011665873
0.0000000925741500702035
0.00000009251477280164
0.0000000920414817445196
0.0000000919813095756412
0.0000000915065354725255
0.0000000914455623568574
0.0000000909692845206156
0.0000000909075094735669
0.0000000904297502812126
0.0000000903672252362292
0.0000000898879439654005
0.0000000898246716096458
0.0000000893439126780088
0.0000000892798727371092
0.0000000887976470705574
0.0000000887328626438463
0.0000000882491670779291
0.0000000881836394237459
0.0000000876984918198718
0.0000000876322344595303
0.0000000871456405419805
0.0000000870786498900239
0.0000000865906106088277
0.000000086522915170109
0.0000000860334321371507
0.0000000859650461132709
0.0000000854741243593173
0.0000000854050481391531
0.0000000849127029455435
0.0000000848429428147369
0.0000000843491786905621
0.0000000842787304704156
0.0000000837835795788434
0.0000000837124659211434
0.0000000832159054176729
0.0000000831441388787825
0.000000082646175512473
0.0000000825737662931024
0.0000000820744298373462
0.0000000820013761075704
0.0000000815006523896821
0.0000000814269616762441
0.0000000809248754442171
0.0000000808505762753183
0.0000000803471385460784
0.0000000802722111038892
0.0000000797674241995788
0.000000079691888037558
0.0000000791857482493273
0.0000000791096249117226
0.0000000786021590314802
0.0000000785254458390944
0.0000000780166285100243
0.0000000779393749851378
0.0000000774292298410297
0.0000000773514183885329
0.0000000768399382064389
0.000000076761555736365
0.0000000762488091742242
0.0000000761698582714741
0.000000075655819569708
0.0000000755763403433697
0.0000000750610031614656
0.0000000749810068784896
0.0000000744643751256934
0.0000000743838741142956
0.0000000738659716072069
0.0000000737849487467254
0.0000000732657805687137
0.0000000731842578461342
0.000000072663844684787
0.0000000725818336068968
0.0000000720601680479897
0.0000000719776930604941
0.0000000714547718092674
0.000000071371838479119
0.0000000708476826668469
0.0000000707642754942875
0.0000000702389111862182
0.0000000701550436873735
0.0000000696284770113435
0.0000000695441648750113
0.0000000690163906438522
0.0000000689316552173348
0.000000068402685278512
0.0000000683175373058585
0.0000000677873525125926
0.0000000677018045846981
0.0000000671704503168641
0.0000000670844885139929
0.0000000665519674808306
0.0000000664656016286804
0.0000000659319467297055
0.0000000658452063426751
0.000000065310365614617
0.0000000652232676421075
0.0000000646872770183434
0.0000000645998269362899
0.0000000640626890417672
0.0000000639748886597971
0.0000000634366327668954
0.0000000633484935328352
0.0000000628091016260218
0.0000000627206378706139
0.0000000621801600789593
0.000000062091354343048
0.0000000615497738214698
0.000000061460655570217
0.000000060917970192104
0.0000000608285775455047
0.0000000602848089847774
0.0000000601951059953147
0.0000000596502708234831
0.0000000595602893393256
0.0000000590143897777081
0.0000000589241440502704
0.0000000583771640840689
0.0000000582866670136581
0.0000000577386643075504
0.00000005764790999199
0.0000000570988240270575
0.0000000570078590490196
0.0000000564577575043097
0.0000000563665517620635
0.0000000558154336021671
0.0000000557240003088369
0.0000000551718702166322
0.0000000550802257807806
0.0000000545270997600577
0.0000000544352544004132
0.0000000538811195586016
0.0000000537891121832878
0.0000000532339739297889
0.0000000531417846392286
0.0000000525856763497876
0.0000000524933269218705
0.0000000519362507685868
0.000000051843743009285
0.0000000512856948407706
0.0000000511930318473792
0.0000000506340505158455
0.0000000505412721718988
0.0000000499813237477977
0.0000000498884148777455
0.0000000493275480324301
0.0000000492345107563255
0.000000048672729852139
0.0000000485795895904646
0.0000000480168821248879
0.00000004792367736163
0.0000000473600396385062
0.0000000472667407380858
0.000000046702219156444
0.0000000466088609557258
0.000000046043431093371
0.0000000459500260592904
0.0000000453837061653331
0.0000000452902346184069
0.0000000447230742847433
0.0000000446295586973448
0.00000004406151942102
0.0000000439679950035335
0.0000000433990916091513
0.0000000433055381378543
0.0000000427357891868369
0.000000042642229641495
0.0000000420716626790823
0.0000000419781050524397
0.0000000414066997978315
0.0000000413131443237142
0.0000000407409293392596
0.0000000406474221603269
0.0000000400743688109666
0.0000000399809077280293
0.0000000394070435242919
0.0000000393136216588664
0.0000000387389957527016
0.0000000386456117054259
0.0000000380702035020091
0.0000000379768867972622
0.0000000374007048259348
0.000000037307464728685
0.0000000367305139813967
0.0000000366373622300455
0.0000000360596621776465
0.0000000359666104979616
0.0000000353881488682524
0.0000000352952094571115
0.0000000347160328395949
0.0000000346232026236337
0.0000000340432817863328
0.0000000339505781056079
0.000000033369943296697
0.0000000332773893100297
0.0000000326960442910313
0.0000000326036407523594
0.0000000320215817056331
0.0000000319293366132064
0.0000000313466142570572
0.0000000312545156323366
0.0000000306711090069685
0.0000000305792006936356
0.0000000299950932997713
0.0000000299034024778225
0.0000000293186333773258
0.0000000292271359388591
0.0000000286417121003525
0.000000028550424540317
0.0000000279643521112613
0.0000000278733085918394
0.0000000272865695292414
0.0000000271957552646745
0.00000002660841150319
0.0000000265178184045584
0.0000000259298546668926
0.0000000258395296153616
0.0000000252509572631295
0.0000000251608984410608
0.0000000245717029452662
0.000000024481929432054
0.0000000238921361214716
0.0000000238026481435102
0.0000000232122696431962
0.0000000231230822638097
0.000000022532109554834
0.0000000224432311112555
0.0000000218517144684997
0.0000000217631408520018
0.0000000211710689655272
0.0000000210828186472017
0.0000000204901763812457
0.0000000204022820265158
0.0000000198090964688615
0.0000000197215372721888
0.0000000191278271879329
0.000000019040616589884
0.0000000184464033913067
0.0000000183595656609044
0.0000000177648053249005
0.0000000176783675166959
0.000000017083081480481
0.0000000169970245874999
0.0000000164012650658258
0.0000000163156065246037
0.0000000157193297444912
0.0000000156341007243121
0.0000000150373432258236
0.0000000149525306340585
0.0000000143552997315855
0.0000000142709126877172
0.0000000136732125380076
0.0000000135892673161382
0.000000012991116898693
0.0000000129076141310944
0.0000000123090147615689
0.0000000122259737652401
0.0000000116269268406495
0.0000000115443742869125
0.0000000109448813489135
0.0000000108628004817649
0.0000000102629273131242
0.0000000101813003815217
0.00000000958099432649265
0.00000000949989400242549
0.00000000889917109377959
0.0000000088185997343944
0.00000000821745792940308
0.00000000813740199073029
0.00000000753588494632598
0.00000000745635682209216
0.00000000685445438284616
0.0000000067754775165803
0.00000000617318689396636
0.0000000060947479960656
0.00000000549211025625074
0.00000000541422929863819
0.00000000481122148569004
0.00000000473391615805501
0.00000000413057529310862
0.00000000405384700220962
0.00000000345012139192127
0.00000000337401762018609
0.00000000276996997077594
0.00000000269444327391205
0.00000000209006846173364
0.00000000201516257585626
0.00000000141045079538791
0.00000000133618918865323
0.000000000731152722181732
0.000000000657508280838344
0.0000000000521893938088424
-0.0000000000208298860857037
-0.000000000626442866044259
-0.000000000698797389816087
-0.00000000130471388937546
-0.00000000137641617367908
-0.00000000198260988004619
-0.00000000205364159595779
-0.00000000266010052434996
-0.00000000273046093829304
-0.00000000333718563153952
-0.00000000340685469858644
-0.00000000401384582048222
-0.00000000408283151928751
-0.00000000469004378746534
-0.00000000475831289703924
-0.00000000536579620532439
-0.0000000054333510623984
-0.00000000604105998747006
-0.00000000610789673341179
-0.00000000671583708896504
-0.00000000678192981435069
-0.00000000739010184294206
-0.00000000745544094933131
-0.00000000806381622100083
-0.00000000812840612078327
-0.00000000873699236458885
-0.00000000880082827069612
-0.00000000940960300906136
-0.00000000947268706774457
-0.0000000100816417190262
-0.0000000101439366183041
-0.0000000107530993553194
-0.0000000108145665482959
-0.0000000114239184235424
-0.000000011484610095701
-0.0000000120941062817072
-0.0000000121539987934088
-0.0000000127636778721763
-0.000000012822733367667
-0.0000000134325727750339
-0.0000000134907974574725
-0.0000000141007886060532
-0.0000000141581923502837
-0.000000014768298049768
-0.0000000148248693101855
-0.0000000154351079421437
-0.0000000154908344611758
-0.0000000161012184812578
-0.0000000161560709284958
-0.0000000167665618553643
-0.0000000168205492307595
-0.0000000174311703592198
-0.0000000174842623079547
-0.0000000180949900994252
-0.0000000181472058821863
-0.0000000187580387304285
-0.000000018809360413168
-0.0000000194202726478571
-0.0000000194706958328173
-0.000000020081699616788
-0.0000000201312081090184
-0.0000000207422837446007
-0.0000000207908836357526
-0.0000000214020287183264
-0.0000000214496991947798
-0.0000000220609301410474
-0.0000000221076507989822
-0.000000022718944537857
-0.000000022764711774024
-0.0000000233760620339184
-0.0000000234208725033386
-0.0000000240322769977056
-0.0000000240761363161377
-0.0000000246875672069117
-0.0000000247304574135441
-0.0000000253419414994442
-0.0000000253838360500935
-0.0000000259953528929689
-0.0000000260362852706712
-0.000000026647798771514
-0.0000000266877329684702
-0.0000000272992721487439
-0.0000000273382051563379
-0.0000000279497688898958
-0.0000000279876764915696
-0.0000000285992406299942
-0.0000000286361545929711
-0.0000000292477146579331
-0.0000000292835783575014
-0.0000000298951403786917
-0.0000000299299781148993
-0.000000030541543154332
-0.0000000305753170992666
-0.0000000311868673787827
-0.000000031219603534038
-0.0000000318311069706321
-0.0000000318628208793103
-0.0000000324742811777925
-0.0000000325049192029039
-0.0000000331163646773692
-0.0000000331459070184253
-0.0000000337573288799606
-0.0000000337858052427294
-0.0000000343971558480387
-0.0000000344245416050536
-0.000000035035876041368
-0.0000000350621403715473
-0.0000000356734374671293
-0.0000000356985841760671
-0.0000000363098126320608
-0.0000000363338674695396
-0.0000000369450054331695
-0.0000000369679770496245
-0.0000000375790547647462
-0.0000000376008700781907
-0.0000000382118794859264
-0.0000000382325652552958
-0.0000000388434963668231
-0.0000000388630334242628
-0.0000000394738657807641
-0.0000000394922874639357
-0.0000000401030351394714
-0.0000000401202855305425
-0.0000000407309474703973
-0.0000000407470324158765
-0.0000000413575871833209
-0.0000000413725212939367
-0.0000000419829446021915
-0.0000000419967349502474
-0.0000000426070389221961
-0.0000000426196300847292
-0.0000000432298626150169
-0.0000000432412301205788
-0.0000000438513562991403
-0.0000000438615426347987
-0.0000000444715207611595
-0.0000000444805143603464
-0.0000000450903882472632
-0.0000000450981528725145
-0.0000000457078781184422
-0.0000000457144559481783
-0.0000000463240453210423
-0.0000000463294019812841
-0.0000000469388524884319
-0.000000046942971282301
-0.0000000475522771913752
-0.0000000475551735114498
-0.0000000481643386689575
-0.0000000481659617433977
-0.0000000487749895074446
-0.0000000487754030512384
-0.0000000493842345545879
-0.0000000493833923850391
-0.0000000499920923173812
-0.0000000499899844032792
-0.0000000505985044162137
-0.0000000505951451206723
-0.0000000512034942491522
-0.0000000511988640365006
-0.000000051807050595733
-0.000000051801116553887
-0.0000000524091534553295
-0.0000000524019544913087
-0.0000000530097722208203
-0.0000000530013073250661
-0.0000000536089373619048
-0.000000053599179692948
-0.0000000542066308497277
-0.000000054195556427942
-0.0000000548028110535552
-0.0000000547904642233359
-0.000000055397522304979
-0.0000000553838476234356
-0.0000000559907093718423
-0.0000000559757329486426
-0.0000000565823835076241
-0.0000000565660796994853
-0.0000000571725372458294
-0.0000000571548931491879
-0.0000000577611681285366
-0.0000000577421869138234
-0.0000000583482519009974
-0.0000000583279311988684
-0.0000000589337557555649
-0.0000000589121152653282
-0.0000000595177197469852
-0.0000000594947514665535
-0.0000000601001323291942
-0.0000000600757982123696
-0.0000000606809692238177
-0.0000000606552558389506
-0.0000000612602154380372
-0.0000000612331395984494
-0.0000000618378597628103
-0.0000000618094440603737
-0.000000062413923448446
-0.0000000623841143622515
-0.0000000629883933344453
-0.0000000629571917843828
-0.0000000635612154159576
-0.0000000635286595291482
-0.0000000641324448448551
-0.0000000640984873208065
-0.0000000647020471548264
-0.0000000646666813401594
-0.00000006527002383353
-0.0000000652332528236426
-0.0000000658363183662754
-0.0000000657981860862089
-0.0000000664009795730183
-0.0000000663614513356063
-0.0000000669640126729304
-0.0000000669230456357953
-0.0000000675253845786997
-0.0000000674829754926037
-0.0000000680850890176175
-0.0000000680412517404969
-0.0000000686430874722392
-0.0000000685978547352001
-0.0000000691994206968714
-0.0000000691527704980687
-0.0000000697540665380418
-0.0000000697059906121438
-0.0000000703070305303408
-0.000000070257503826035
-0.0000000708583124998813
-0.0000000708073243788498
-0.0000000714078448501418
-0.0000000713554462696423
-0.0000000719557048911522
-0.0000000719018581431347
-0.0000000725018256108042
-0.0000000724465275883041
-0.0000000730462578369669
-0.000000072989488677861
-0.0000000735889492769957
-0.0000000735307198131737
-0.0000000741299002975734
-0.0000000740702180158623
-0.0000000746691399476989
-0.0000000746079651155475
-0.0000000752066189172134
-0.0000000751439954984368
-0.0000000757423577468598
-0.0000000756782500675628
-0.0000000762763560212275
-0.0000000762107566196486
-0.0000000768085916164089
-0.0000000767415295269567
-0.0000000773390596643761
-0.0000000772705262827419
-0.0000000778677829290614
-0.0000000777977475689678
-0.0000000783947328819855
-0.0000000783232131749423
-0.0000000789199086927722
-0.0000000788468919749631
-0.0000000794433180792711
-0.0000000793687820061256
-0.0000000799649550404615
-0.0000000798889278346314
-0.0000000804847799575089
-0.0000000804072717410209
-0.000000081002844157829
-0.0000000809238237004295
-0.0000000815191025841109
-0.000000081438579737685
-0.0000000820335894271736
-0.0000000819515293753742
-0.0000000825462726353153
-0.0000000824626973809628
-0.0000000830571575993474
-0.0000000829720661397281
-0.0000000835662259808152
-0.0000000834796336928159
-0.0000000840735019988295
-0.0000000839853669658765
-0.0000000845789742690679
-0.0000000844893067931035
-0.0000000850826335582437
-0.000000084991439579253
-0.000000085584486389689
-0.0000000854917543620027
-0.0000000860844964007231
-0.0000000859902547781894
-0.0000000865827009661303
-0.0000000864869219228038
-0.0000000870791045308342
-0.0000000869817785706869
-0.0000000875736733826261
-0.0000000874748148987002
-0.000000088066407910046
-0.0000000879660143345056
-0.0000000885573335160325
-0.0000000884553958739172
-0.0000000890464234464373
-0.0000000889429134171807
-0.0000000895336992915289
-0.0000000894286245228473
-0.0000000900191443226258
-0.0000000899125059996608
-0.0000000905027372357387
-0.0000000903945627416061
-0.0000000909844899803717
-0.0000000908747764709356
-0.0000000914644313480691
-0.0000000913531388952476
-0.0000000919425320151397
-0.0000000918296751678649
-0.0000000924187766378093
-0.0000000923043836834016
-0.0000000928932158445231
-0.0000000927772344194205
-0.0000000933657979580331
-0.0000000932482512903674
-0.000000093836533496058
-0.0000000937174263019558
-0.0000000943054483547781
-0.0000000941847308951165
-0.0000000947725236257866
-0.0000000946502573226624
-0.0000000952377031491346
-0.0000000951139583868325
-0.0000000957010717334983
-0.0000000955757423519475
-0.0000000961626379731868
-0.0000000960356939409121
-0.0000000966223378356806
-0.0000000964938184765727
-0.0000000970801986806227
-0.0000000969500861914041
-0.0000000975362258361731
-0.0000000974045402292592
-0.0000000979903859287578
-0.000000097857145448182
-0.0000000984427239160354
-0.0000000983078789715629
-0.0000000988932247627211
-0.0000000987568072395014
-0.0000000993418867512123
-0.0000000992038638808943
-0.0000000997887066906348
-0.0000000996491024454681
-0.000000100233684631479
-0.000000100092508988046
-0.000000100676813104054
-0.000000100534055711916
-0.000000101118129771455
-0.00000010097377122103
-0.000000101557584695327
-0.000000101411672039019
-0.000000101995226672385
-0.000000101847694836999
-0.000000102431041905737
-0.000000102281908968181
-0.000000102865011188886
-0.000000102714305350741
-0.000000103297136517385
-0.000000103144836008782
-0.000000103727457865062
-0.000000103573566315537
-0.000000104155925725996
-0.000000104000458745573
-0.000000104582591362348
-0.000000104425520502476
-0.000000105007428969234
-0.000000104848753486381
-0.000000105430428903225
-0.000000105270185948185
-0.000000105851616610405
-0.000000105689767853507
-0.000000106271005638163
-0.000000106107531367651
-0.000000106688550995632
-0.000000106523516536179
-0.000000107104290483235
-0.000000106937656580257
-0.000000107518213713566
-0.000000107349979866827
-0.000000107930346190316
-0.00000010776050136533
-0.000000108340658169398
-0.000000108169211136623
-0.000000108749171508318
-0.00000010857612323043
-0.000000109155861810886
-0.000000108981244944202
-0.000000109560770920876
-0.000000109384548161119
-0.00000010996387171709
-0.000000109786063377664
-0.000000110365190082382
-0.00000011018577924564
-0.00000011076471193807
-0.000000110583705834658
-0.000000111162451142496
-0.000000110979846758711
-0.000000111558400377198
-0.000000111374181503558
-0.00000011195257688877
-0.000000111766759543044
-0.000000112344968701134
-0.000000112157548599826
-0.000000112735585194906
-0.000000112546568224173
-0.000000113124416368444
-0.000000112933812675305
-0.000000113511483220178
-0.00000011331928989075
-0.000000113896806078885
-0.000000113703002928531
-0.000000114280338665651
-0.000000114084949332929
-0.000000114662137668779
-0.000000114465147943082
-0.000000115042157227937
-0.000000114843581715188
-0.000000115420447036923
-0.000000115220242192468
-0.000000115797013095189
-0.000000115595187558163
-0.000000116171797946234
-0.000000115968389512887
-0.000000116544808464386
-0.000000116339858464464
-0.000000116916137955142
-0.000000116709595276095
-0.000000117285749407194
-0.000000117077547175802
-0.000000117653614884582
-0.000000117443842093591
-0.000000118019723437177
-0.000000117808383990636
-0.000000118384126750434
-0.000000118171209956672
-0.000000118746856501281
-0.000000118532328661893
-0.000000119107851223636
-0.000000118891737440076
-0.000000119467127144546
-0.000000119249416817413
-0.00000011982472014524
-0.000000119605417080631
-0.000000120180604449822
-0.00000011995972323323
-0.000000120534808537808
-0.000000120312332810389
-0.000000120887330516978
-0.000000120663251813468
-0.000000121238156315951
-0.000000121012500093188
-0.000000121587284820658
-0.000000121360064389647
-0.000000121934765617161
-0.000000121705957898256
-0.000000122280593752165
-0.000000122050175217895
-0.000000122624734300846
-0.00000012239273495472
-0.000000122967225574872
-0.000000122733649505322
-0.000000123308036091793
-0.000000123072894699981
-0.00000012364723372009
-0.000000123410492603098
-0.000000123984771133448
-0.000000123746460854675
-0.000000124320673192372
-0.000000124080787190813
-0.000000124654957433395
-0.000000124413454459258
-0.00000012498757648334
-0.000000124744548727119
-0.000000125318599131812
-0.000000125073971274854
-0.000000125648005045691
-0.000000125401788887408
-0.000000125975798901748
-0.000000125728019268313
-0.000000126301962814109
-0.000000126052615561744
-0.00000012662654017367
-0.000000126375622936926
-0.000000126949517511074
-0.00000012669704234031
-0.000000127270907296472
-0.000000127016868896747
-0.000000127590713887157
-0.000000127335083939987
-0.000000127908950408475
-0.00000012765173847425
-0.000000128225592419462
-0.000000127966833920072
-0.000000128540664607753
-0.000000128280329783268
-0.000000128854195888425
-0.000000128592280041403
-0.000000129166173416909
-0.000000128902663512966
-0.000000129476563153693
-0.000000129211526101004
-0.000000129785410602833
-0.000000129518827512547
-0.000000130092737894876
-0.0000001298245816852
-0.00000013039851746611
-0.000000130128792351814
-0.000000130702779905375
-0.000000130431488970577
-0.000000131005515612451
-0.000000130732656209511
-0.000000131306719340046
-0.000000131032319394723
-0.000000131606407816687
-0.000000131330456078223
-0.000000131904610114416
-0.000000131627097188208
-0.000000132201296576866
-0.000000131922222243289
-0.000000132496502182041
-0.000000132215864529894
-0.000000132790208826669
-0.000000132508030940429
-0.00000013308241178258
-0.000000132798702959567
-0.000000133373171830123
-0.00000013308788860828
-0.000000133662451312499
-0.000000133375619122383
-0.000000133950237633713
-0.000000133661886021429
-0.000000134236581207952
-0.000000133946679417997
-0.000000134521489073586
-0.000000134230022477429
-0.000000134804916812464
-0.000000134511940196652
-0.000000135086922079573
-0.00000013479239971636
-0.000000135367483925429
-0.000000135071407463112
-0.000000135646616020595
-0.000000135348995846984
-0.000000135924334596729
-0.000000135625177155391
-0.000000136200612772144
-0.000000135899933958864
-0.000000136475494180513
-0.000000136173259642623
-0.000000136748978120243
-0.000000136445176765136
-0.000000137021042480907
-0.000000136715715990859
-0.000000137291689134538
-0.000000136984868182319
-0.000000137560996374845
-0.000000137252606223144
-0.000000137828898002731
-0.000000137518973561
-0.000000138095415592903
-0.000000137783963300989
-0.000000138360541266588
-0.000000138047576078734
-0.000000138624331320866
-0.000000138309845936924
-0.000000138886760534571
-0.000000138570728440344
-0.000000139147825615241
-0.000000138830267973375
-0.000000139407550893631
-0.000000139088457405444
-0.000000139665918817802
-0.000000139345295858666
-0.000000139922964009236
-0.000000139600812303054
-0.000000140178661727928
-0.000000139855004911808
-0.000000140433051290943
-0.000000140107851897842
-0.000000140686111729682
-0.000000140359390157077
-0.000000140937844184956
-0.000000140609627513021
-0.000000141188288211443
-0.000000140858529000017
-0.000000141437429600162
-0.000000141106143426218
-0.000000141685266816702
-0.000000141352472138535
-0.000000141931802631304
-0.000000141597504266225
-0.000000142177057621899
-0.000000141841242850202
-0.000000142421038421505
-0.000000142083697333288
-0.000000142663746113366
-0.000000142324890152093
-0.000000142905169740953
-0.000000142564813024429
-0.000000143145354518942
-0.000000142803449582819
-0.000000143384271677273
-0.000000143040856675164
-0.000000143621907209648
-0.000000143277027055393
-0.000000143858311919876
-0.000000143511898322091
-0.000000144093516517319
-0.000000143745553295579
-0.000000144327434515822
-0.000000143977980049133
-0.000000144560117765321
-0.000000144209162798117
-0.000000144791611636042
-0.000000144439130568646
-0.000000145021835530857
-0.000000144667889931537
-0.000000145250887681788
-0.00000014489539349768
-0.000000145478735479409
-0.000000145121719409872
-0.000000145705318233214
-0.000000145346840238592
-0.000000145930730917797
-0.000000145570742420044
-0.000000146154983656566
-0.000000145793456913448
-0.000000146378010890613
-0.000000146014977741821
-0.000000146599851625083
-0.000000146235334256663
-0.000000146820516863533
-0.000000146454489459047
-0.000000147040003273781
-0.000000146672469330328
-0.000000147258331633893
-0.000000146889272964564
-0.000000147475483751909
-0.000000147104953853124
-0.000000147691463425907
-0.000000147319424900958
-0.000000147906305111634
-0.000000147532743474899
-0.000000148119991795608
-0.000000147744940083872
-0.00000014833251998277
-0.000000147955959886108
-0.000000148543917979604
-0.000000148165846408735
-0.000000148754177448148
-0.00000014837460481122
-0.000000148963291512697
-0.000000148582206707999
-0.000000149171289374462
-0.000000148788692137403
-0.000000149378162416422
-0.000000148994061652425
-0.000000149583881702724
-0.00000014919829337912
-0.000000149788525724387
-0.000000149401425444849
-0.000000149992044359188
-0.000000149603440800833
-0.000000150194428816272
-0.00000014980432697648
-0.000000150395750956965
-0.000000150004121420377
-0.000000150595957716111
-0.000000150202817866908
-0.000000150795045580697
-0.000000150400419022417
-0.000000150993064420558
-0.000000150596933951632
-0.000000151189982769438
-0.000000150792345357936
-0.00000015138582328421
-0.000000150986671018478
-0.000000151580581953994
-0.000000151179918849462
-0.000000151774267523025
-0.000000151372106192582
-0.000000151966856733986
-0.000000151563188214008
-0.000000152158393676774
-0.000000151753231437572
-0.000000152348842691271
-0.000000151942189549503
-0.000000152538266762299
-0.000000152130058874306
-0.000000152726621017148
-0.000000152316894946914
-0.000000152913893793321
-0.00000015250266891252
-0.000000153100127398241
-0.00000015268738015622
-0.000000153285314274111
-0.000000152871061450475
-0.000000153469436527129
-0.000000153053667640824
-0.000000153652537722502
-0.000000153235232792179
-0.000000153834559730209
-0.000000153415781722748
-0.000000154015560732784
-0.000000153595284825983
-0.000000154195536976637
-0.000000153773707417774
-0.000000154374484224544
-0.00000015395113111569
-0.000000154552385681555
-0.00000015412749798065
-0.000000154729256948428
-0.000000154302845169176
-0.000000154905106091402
-0.000000154477204396018
-0.000000155079914642257
-0.000000154650507126964
-0.000000155253727497122
-0.000000154822769864532
-0.000000155426495855932
-0.000000154994021357725
-0.000000155598289134813
-0.000000155164263991906
-0.000000155769018656232
-0.000000155333487485825
-0.000000155938765582158
-0.000000155501690631537
-0.000000156107499413521
-0.000000155668868345454
-0.000000156275220866334
-0.000000155835047891088
-0.000000156441917176566
-0.000000156000240068291
-0.000000156607620073498
-0.00000015616439632151
-0.000000156772327865094
-0.00000015632753346001
-0.000000156936037141865
-0.000000156489711042321
-0.00000015709871280715
-0.000000156650856814508
-0.000000157260410084059
-0.000000156810996720907
-0.000000157421107719833
-0.000000156970153819417
-0.000000157580788861794
-0.00000015712830886951
-0.000000157739491766001
-0.000000157285460153738
-0.000000157897200177882
-0.000000157441605527711
-0.000000158053913607611
-0.000000157596753686511
-0.000000158209633890282
-0.000000157750898001109
-0.000000158364357194669
-0.000000157904094099282
-0.000000158518068805526
-0.000000158056268686956
-0.000000158670807166706
-0.000000158207421230866
-0.000000158822568569397
-0.000000158357610193179
-0.000000158973314369325
-0.000000158506796546139
-0.000000159123091931363
-0.000000158654999655314
-0.000000159271845300639
-0.000000158802204873903
-0.000000159419628002212
-0.000000158948407638753
-0.000000159566446808418
-0.000000159093608588658
-0.000000159712245871491
-0.000000159237842628497
-0.000000159857060196647
-0.000000159381070256234
-0.0000001600008967823
-0.000000159523289357677
-0.000000160143716647862
-0.000000159664549205328
-0.000000160285541459737
-0.00000015980481552406
-0.000000160426406984409
-0.000000159944064512099
-0.000000160566245843165
-0.000000160082319702471
-0.000000160705135500667
-0.000000160219580567488
-0.000000160842994757163
-0.000000160355841693973
-0.000000160979868424693
-0.0000001604911075684
-0.000000161115756963361
-0.000000160625392957106
-0.000000161250646418298
-0.000000160758648308745
-0.000000161384537328003
-0.000000160890916514832
-0.000000161517423676824
-0.000000161022177742094
-0.000000161649310427967
-0.000000161152448848456
-0.000000161780197854039
-0.000000161281705425946
-0.000000161910091358736
-0.000000161409962591838
-0.00000016203896982639
-0.000000161537195270932
-0.000000162166838268889
-0.000000161663435192558
-0.000000162293690429094
-0.0000001617886763358
-0.000000162419553988075
-0.000000161912861564934
-0.000000162544411227121
-0.000000162036055930076
-0.000000162668239138569
-0.000000162158239522259
-0.000000162791039946243
-0.000000162279386363091
-0.000000162912859570339
-0.000000162399525851356
-0.000000163033611744372
-0.000000162518645079626
-0.000000163153371032858
-0.000000162636713451644
-0.000000163272097925379
-0.000000162753769700074
-0.000000163389801574977
-0.000000162869795799098
-0.000000163506466313112
-0.000000162984771338585
-0.000000163622112040865
-0.000000163098715835768
-0.00000016373669711284
-0.000000163211639697814
-0.000000163850252319948
-0.000000163323490274969
-0.000000163962790119341
-0.00000016343430475511
-0.000000164074254854006
-0.000000163544073129558
-0.000000164184668533134
-0.000000163652791328076
-0.000000164294036655197
-0.000000163760447192911
-0.000000164402356121353
-0.000000163867032978951
-0.000000164509625146189
-0.000000163972573374338
-0.000000164615798526278
-0.00000016407702766421
-0.000000164720943525074
-0.000000164180416424378
-0.000000164824993819228
-0.000000164282737737276
-0.000000164927958063332
-0.000000164383984912877
-0.000000165029881467246
-0.000000164484125836044
-0.000000165130693520251
-0.00000016458319720144
-0.000000165230435195607
-0.000000164681169524477
-0.000000165329080083488
-0.000000164778050282126
-0.000000165426619722549
-0.00000016487382256364
-0.000000165523076244528
-0.000000164968492584086
-0.000000165618420442629
-0.000000165062080432707
-0.000000165712641328525
-0.000000165154528183136
-0.00000016580575631881
-0.000000165245848571249
-0.000000165897783768315
-0.000000165336029120494
-0.000000165988665404953
-0.000000165425127950701
-0.000000166078407825825
-0.000000165513075315832
-0.000000166167046273885
-0.000000165599862894972
-0.000000166254512826996
-0.000000165685518007117
-0.000000166340852122686
-0.000000165770028614826
-0.000000166426044781225
-0.000000165853389461654
-0.000000166510073990521
-0.000000165935577389404
-0.000000166592951041065
-0.000000166016612780177
-0.00000016667463985838
-0.000000166096476217201
-0.00000016675516834377
-0.000000166175137636924
-0.000000166834538419368
-0.000000166252649789214
-0.000000166912708669881
-0.000000166328941688914
-0.0000001669896962742
-0.00000016640404828115
-0.000000167065484743986
-0.00000016647795356688
-0.000000167140068333614
-0.000000166550646823203
-0.000000167213462550275
-0.000000166622131084995
-0.000000167285629810205
-0.000000166692392319225
-0.000000167356563150289
-0.000000166761428861343
-0.000000167426283235279
-0.000000166829241355622
-0.000000167494764721389
-0.000000166895804247541
-0.000000167562003481052
-0.000000166961116650716
-0.000000167628003587223
-0.000000167025177692351
-0.000000167692745528287
-0.000000167087975760882
-0.000000167756242625766
-0.000000167149498395622
-0.000000167818450882558
-0.000000167209783601575
-0.000000167879375172048
-0.000000167268750863681
-0.000000167939031941879
-0.000000167326437327066
-0.00000016799740595476
-0.000000167382831157659
-0.000000168054479603668
-0.000000167437923569044
-0.000000168110237142578
-0.000000167491703836644
-0.000000168164697573236
-0.00000016754414921267
-0.000000168217838817085
-0.000000167595279407509
-0.000000168269657713488
-0.000000167645074220193
-0.000000168320132458737
-0.000000167693531292061
-0.000000168369273952383
-0.000000167740635066132
-0.000000168417060974609
-0.000000167786379791679
-0.000000168463472301521
-0.00000016783077796386
-0.000000168508537860407
-0.000000167873795935606
-0.000000168552215933876
-0.000000167915411587927
-0.000000168594527666858
-0.00000016795565820429
-0.000000168635447421723
-0.000000167994499655133
-0.000000168674944226036
-0.000000168031940490417
-0.000000168713072610535
-0.000000168067943780405
-0.000000168749777574386
-0.000000168102529575017
-0.000000168785044748592
-0.000000168135714054148
-0.000000168818869804483
-0.000000168167441837784
-0.000000168851264361551
-0.000000168197713117524
-0.000000168882223832819
-0.000000168226528692328
-0.000000168911709806618
-0.00000016825388919878
-0.00000016893970433165
-0.000000168279774086185
-0.000000168966256950031
-0.000000168304153672309
-0.000000168991332349654
-0.000000168327047902003
-0.000000169014913461168
-0.000000168348449432893
-0.000000169036939198345
-0.000000168368335424361
-0.000000169057498229426
-0.000000168386700357537
-0.000000169076534733485
-0.000000168403536235222
-0.000000169094030660786
-0.00000016841881355694
-0.000000169109989437591
-0.000000168432571603563
-0.00000016912439609029
-0.000000168444750669646
-0.000000169137237761743
-0.000000168455387422683
-0.000000169148513668572
-0.000000168464417924115
-0.000000169158234203736
-0.000000168471854480947
-0.00000016916635438993
-0.00000016847772143888
-0.000000169172847132697
-0.000000168481974973442
-0.000000169177781844181
-0.000000168484598976391
-0.000000169181091358954
-0.00000016848559210681
-0.000000169182725592067
-0.000000168484999016511
-0.000000169182761796675
-0.000000168482717612437
-0.00000016918113984734
-0.000000168478814955107
-0.000000169177846961209
-0.000000168473209630836
-0.000000169172926733651
-0.000000168465931378843
-0.000000169166326768406
-0.000000168456979097936
-0.000000169157997978082
-0.000000168446328253204
-0.000000169148003840858
-0.000000168433980851175
-0.000000169136299878512
-0.000000168419915412239
-0.000000169122856868249
-0.000000168404123083098
-0.000000169107709785598
-0.000000168386571913049
-0.000000169090820725183
-0.000000168367291414226
-0.000000169072183827553
-0.000000168346252842988
-0.000000169051787012719
-0.000000168323452012845
-0.000000169029627696196
-0.000000168298850416752
-0.000000169005675130148
-0.000000168272480353161
-0.000000168979929092643
-0.000000168244295341982
-0.00000016895241011512
-0.0000001682143338685
-0.000000168923022111847
-0.000000168182527612993
-0.000000168891865862552
-0.0000001681488802979
-0.000000168858865564762
-0.000000168113395872813
-0.00000016882402511906
-0.00000016807606471295
-0.000000168787303518135
-0.000000168036880542674
-0.000000168748738136188
-0.000000167995806218909
-0.000000168708304221938
-0.000000167952840306195
-0.000000168665982720534
-0.000000167907986824747
-0.000000168621765343025
-0.000000167861224399862
-0.000000168575606907419
-0.00000016781253816642
-0.000000168527550739024
-0.000000167761959138831
-0.000000168477584791685
-0.000000167709390728617
-0.000000168425662048416
-0.000000167654899338343
-0.000000168371778468331
-0.000000167598451287427
-0.000000168315932457955
-0.000000167540011409509
-0.000000168258117196333
-0.000000167479596772458
-0.000000168198330109851
-0.000000167417197109397
-0.000000168136531580856
-0.000000167352778332537
-0.000000168072748973691
-0.000000167286317338089
-0.000000168006933452571
-0.000000167217859158357
-0.000000167939086848417
-0.000000167147375393504
-0.000000167869182928274
-0.000000167074832105974
-0.000000167797257642112
-0.000000167000229672634
-0.000000167723240166277
-0.0000001669235561404
-0.000000167647180775624
-0.000000166844738948523
-0.000000167569035907915
-0.000000166763906506739
-0.000000167488780809192
-0.000000166680936612699
-0.000000167406422604016
-0.000000166595864523366
-0.000000167321934294012
-0.000000166508651055901
-0.000000167235344124129
-0.000000166419288452646
-0.000000167146605503959
-0.000000166327793967237
-0.000000167055693180805
-0.000000166234144037868
-0.000000166962628402102
-0.000000166138316241362
-0.000000166867406533936
-0.000000166040294825053
-0.00000016676997438483
-0.000000165940081211538
-0.000000166670380834358
-0.000000165837651871719
-0.000000166568570234224
-0.000000165733018742544
-0.000000166464529467337
-0.000000165626154984142
-0.000000166358268042525
-0.000000165517071223873
-0.000000166249729896638
-0.000000165405734653401
-0.000000166138989164915
-0.000000165292083748419
-0.000000166026009225626
-0.000000165176196152985
-0.000000165910697617339
-0.000000165058036879921
-0.000000165793122752998
-0.000000164937574216379
-0.000000165673255573975
-0.000000164814804485448
-0.000000165551075095612
-0.000000164689721952401
-0.000000165426575090715
-0.000000164562311156132
-0.000000165299760309454
-0.000000164432557003334
-0.000000165170595463419
-0.000000164300455500712
-0.000000165039094146698
-0.000000164165978323691
-0.00000016490522949098
-0.000000164029161937879
-0.000000164768968880893
-0.000000163889959385707
-0.000000164630346375667
-0.00000016374832525832
-0.000000164489325150278
-0.00000016360432356109
-0.000000164345906948382
-0.000000163457904880075
-0.000000164200064287957
-0.000000163309039377895
-0.000000164051805464291
-0.000000163157758054934
-0.000000163901097387586
-0.000000163004017652207
-0.000000163747956893154
-0.000000162847805078288
-0.000000163592357878612
-0.000000162689166064143
-0.000000163434278065231
-0.000000162528028191733
-0.000000163273725386757
-0.000000162364370990118
-0.000000163110678337495
-0.000000162198251355615
-0.000000162945159500672
-0.00000016202959580489
-0.000000162777089025861
-0.000000161858447680165
-0.000000162606508748391
-0.000000161684756969054
-0.000000162433410831989
-0.000000161508520741949
-0.000000162257759579712
-0.000000161329726817912
-0.000000162079569754115
-0.000000161148355764884
-0.000000161898814718428
-0.000000160964445870712
-0.000000161715455707592
-0.000000160777962335824
-0.000000161529548167914
-0.000000160588834235305
-0.000000161341052715583
-0.000000160397143645078
-0.000000161149924260001
-0.000000160202816307858
-0.000000160956202931295
-0.000000160005878150928
-0.00000016075986685194
-0.000000159806306809575
-0.000000160560875744143
-0.000000159604110822632
-0.000000160359247215423
-0.000000159399217790206
-0.000000160154976344475
-0.000000159191680911321
-0.000000159948054785295
-0.000000158981489036257
-0.000000159738432318334
-0.00000015876859146465
-0.000000159526143908519
-0.000000158553024384671
-0.000000159311167607147
-0.000000158334722865092
-0.000000159093486628646
-0.000000158113742450184
-0.000000158873083430989
-0.00000015789004509526
-0.000000158649987634951
-0.000000157663586467162
-0.000000158424139616683
-0.000000157434429664265
-0.000000158195552680631
-0.000000157202489113451
-0.000000157964243513278
-0.000000156967789927458
-0.000000157730155679227
-0.000000156730364085631
-0.000000157493304263021
-0.000000156490124836869
-0.000000157253715622935
-0.000000156247093743207
-0.000000157011302461107
-0.000000156001309534082
-0.000000156766102044824
-0.000000155752687098338
-0.000000156518123890446
-0.000000155501262069287
-0.000000156267321030744
-0.000000155247049392285
-0.000000156013692792867
-0.000000154989967694915
-0.000000155757251207092
-0.000000154730074100435
-0.000000155497974304471
-0.000000154467324791866
-0.00000015523583180122
-0.000000154201731166032
-0.000000154970852150306
-0.000000153933292154439
-0.000000154703022881242
-0.000000153661940235397
-0.000000154432333157983
-0.000000153387728388557
-0.000000154158746089973
-0.000000153110670668266
-0.000000153882266410653
-0.000000152830654348195
-0.000000153602919684443
-0.000000152547783568076
-0.000000153320684520152
-0.000000152261954619193
-0.000000153035540843321
-0.00000015197324678877
-0.000000152747478445358
-0.000000151681606523144
-0.000000152456460650963
-0.000000151387048763454
-0.000000152162542645519
-0.00000015108952401788
-0.000000151865673450654
-0.000000150789095225932
-0.000000151565866478626
-0.00000015048567715455
-0.000000151263130002096
-0.000000150179296641526
-0.000000150957428380254
-0.000000149869955392931
-0.000000150648723113806
-0.000000149557657914461
-0.000000150337090478213
-0.000000149242356341563
-0.000000150022460755651
-0.000000148924081160395
-0.000000149704860337331
-0.000000148602783185831
-0.000000149384270610324
-0.000000148278529024758
-0.000000149060647394627
-0.00000014795124016042
-0.000000148734048704851
-0.000000147620921808868
-0.000000148404445459323
-0.000000147287616210077
-0.000000148071827581847
-0.000000146951257918826
-0.000000147736180481437
-0.000000146611886804749
-0.000000147397472509255
-0.000000146269507746376
-0.000000147055761459265
-0.000000145924005716851
-0.000000146711024839426
-0.000000145575510160679
-0.00000014636316215255
-0.000000145224022056167
-0.000000146012415874979
-0.00000014486928562028
-0.000000145658438920606
-0.000000144511609920763
-0.000000145301592542982
-0.000000144150855925444
-0.000000144941452263319
-0.00000014378705486777
-0.000000144578354695407
-0.000000143420130106723
-0.000000144212214354018
-0.0000001430501510429
-0.000000143842910231798
-0.000000142677041142185
-0.000000143470575510926
-0.000000142300864126637
-0.000000143095148262598
-0.000000141921599701404
-0.000000142716603653226
-0.000000141539192329889
-0.000000142334988680523
-0.00000014115370435676
-0.00000014195026463458
-0.00000014076509859497
-0.000000141562415930277
-0.000000140373378018844
-0.00000014117144940763
-0.000000139978536018776
-0.000000140777406944605
-0.000000139580565539998
-0.000000140380240115303
-0.00000013917946707285
-0.000000139979918480894
-0.000000138775254527715
-0.000000139576506240005
-0.000000138367892645815
-0.000000139169939270488
-0.000000137957388056291
-0.000000138760247670394
-0.00000013754376555427
-0.000000138347446575987
-0.000000137126980964041
-0.000000137931477633045
-0.000000136707046423965
-0.000000137512397449699
-0.000000136283973463501
-0.000000137090146717524
-0.000000135857746104755
-0.00000013666476093993
-0.00000013542838265691
-0.000000136236200815548
-0.000000134995870758853
-0.000000135804531945118
-0.000000134560162200904
-0.000000135369682247323
-0.000000134121304638646
-0.000000134931702996705
-0.000000133679281706582
-0.000000134490573093044
-0.000000133234097710909
-0.000000134046270575776
-0.000000132785752162185
-0.000000133598795945021
-0.000000132334258987342
-0.000000133148162312618
-0.000000131879564047138
-0.000000132694407005971
-0.000000131421702759746
-0.000000132237439937844
-0.000000130960707659161
-0.000000131777329132906
-0.000000130496493169942
-0.00000013131408534068
-0.000000130029107853417
-0.00000013084764226016
-0.000000129558574540631
-0.000000130378030880936
-0.000000129084856099422
-0.000000129905261345905
-0.000000128607979041443
-0.000000129429328336625
-0.000000128127907228625
-0.000000128950214550412
-0.000000127644661401276
-0.000000128467967717357
-0.000000127158262488781
-0.000000127982508001682
-0.000000126668668925768
-0.000000127493914064127
-0.000000126175891790909
-0.00000012700214554661
-0.000000125679995540012
-0.000000126507197301598
-0.000000125180872651009
-0.000000126009112350079
-0.00000012467856643035
-0.000000125507856429706
-0.000000124173124292265
-0.000000125003440108628
-0.000000123664511245955
-0.000000124495854045716
-0.00000012315269323192
-0.000000123985112826798
-0.000000122637752906812
-0.000000123471194757018
-0.000000122119622117258
-0.000000122954151139854
-0.000000121598328448841
-0.000000122433925619863
-0.000000121073905034649
-0.00000012191055696022
-0.000000120546272457724
-0.000000121384038559936
-0.000000120015485262382
-0.000000120854379699651
-0.00000011948156988268
-0.000000120321561495311
-0.000000118944500213082
-0.000000119785604527293
-0.000000118404256996288
-0.000000119246505629217
-0.000000117860878189668
-0.000000118704259118037
-0.000000117314348121839
-0.000000118158887629765
-0.000000116764676507324
-0.000000117610387671276
-0.000000116211886949245
-0.000000117058759533763
-0.000000115655919717798
-0.000000116504008343432
-0.000000115096843214213
-0.000000115946109348958
-0.000000114534625313677
-0.000000115385131410551
-0.000000113969301096108
-0.000000114821027292792
-0.00000011340085272422
-0.000000114253776874301
-0.000000112829286740967
-0.000000113683466323118
-0.00000011225458433532
-0.000000113110030132054
-0.000000111676784686623
-0.00000011253352466374
-0.00000011109589515099
-0.000000111953897613095
-0.000000110511924312995
-0.000000111371176223079
-0.000000109924823421648
-0.000000110785389967422
-0.000000109334659803013
-0.00000011019651655701
-0.000000108741378396983
-0.000000109604596767553
-0.000000108145026143571
-0.000000109009628792106
-0.000000107545615377386
-0.000000108411538604102
-0.00000010694314836775
-0.000000107810418070938
-0.000000106337601761898
-0.000000107206241898759
-0.000000105729009699807
-0.000000106599018929015
-0.000000105117366888941
-0.000000105988805253101
-0.000000104502656379469
-0.000000105375546520886
-0.000000103884929317447
-0.000000104759224890329
-0.000000103264191664464
-0.000000104139890109131
-0.000000102640406760675
-0.000000103517576667183
-0.000000102013607135673
-0.000000102892260179609
-0.000000101383822094749
-0.000000102263926331991
-0.000000100751012027146
-0.000000101632606639588
-0.000000100115207723366
-0.000000100998317239853
-0.0000000994764098372941
-0.000000100361059248073
-0.0000000988346646215961
-0.0000000997208115593217
-0.0000000981899372740074
-0.00000009907764031658
-0.0000000975422226744532
-0.0000000984314956000309
-0.0000000968915742406288
-0.0000000977824287955262
-0.0000000962379614205619
-0.0000000971304243413361
-0.0000000955814273993571
-0.0000000964755016830317
-0.0000000949219650025188
-0.0000000958176404774076
-0.0000000942595702509994
-0.0000000951569064030761
-0.0000000935942703074285
-0.0000000944932587997085
-0.0000000929260750186545
-0.0000000938267162997009
-0.0000000922549632193554
-0.000000093157318837902
-0.0000000915809843260995
-0.0000000924850466219578
-0.0000000909041521855028
-0.0000000918099126733318
-0.0000000902244194004826
-0.0000000911319258823764
-0.0000000895418470993277
-0.0000000904510976516908
-0.0000000888564467942092
-0.0000000897674441273263
-0.0000000881681957702036
-0.0000000890809926307317
-0.0000000874771427322411
-0.0000000883916962580372
-0.0000000867832521472697
-0.0000000876996287967967
-0.0000000860865549230516
-0.0000000870047797923576
-0.0000000853871033426257
-0.0000000863071479475094
-0.0000000846848444627268
-0.0000000856067588290055
-0.0000000839798075411939
-0.0000000849036205217887
-0.0000000832720182247484
-0.0000000841977260592588
-0.0000000825615209207368
-0.0000000834891076401951
-0.0000000818482629759152
-0.0000000827777546005865
-0.000000081132300498807
-0.0000000820637448433062
-0.000000080413563324418
-0.0000000813470409005717
-0.0000000796921623000885
-0.000000080627612711082
-0.0000000789681060952657
-0.0000000799055499081992
-0.00000007824133672376
-0.0000000791808245171913
-0.0000000775119317752513
-0.0000000784534372199642
-0.0000000767798997035486
-0.000000077723423954091
-0.0000000760451893440832
-0.0000000769907950325452
-0.0000000753078742317039
-0.0000000762555825678466
-0.0000000745679615353819
-0.0000000755177748699274
-0.0000000738254172668769
-0.0000000747773859392832
-0.0000000730803260443565
-0.0000000740344102804501
-0.0000000723326607315399
-0.0000000732889319342247
-0.0000000715824130818472
-0.0000000725408764082723
-0.000000070829654211288
-0.0000000717903116638411
-0.0000000700743760107067
-0.0000000710372546537453
-0.0000000693165505649913
-0.0000000702816807072168
-0.0000000685562758504649
-0.0000000695236237224195
-0.0000000677934875026744
-0.0000000687631485519725
-0.0000000670281971947657
-0.0000000680001863294797
-0.000000066260506985861
-0.0000000672348035742305
-0.0000000654903559023123
-0.0000000664669955757081
-0.0000000647177763861921
-0.0000000656967829451543
-0.0000000639428231778022
-0.000000064924178951482
-0.0000000631654361068474
-0.0000000641492020096199
-0.0000000623856685659899
-0.0000000633719043851901
-0.000000061603556414936
-0.0000000625922029459621
-0.000000060819108798905
-0.0000000618102250973128
-0.0000000600323302972036
-0.0000000610259226317029
-0.0000000592431889757304
-0.0000000602393327652718
-0.0000000584517914846013
-0.0000000594504647269716
-0.0000000576581043846484
-0.0000000586593476218268
-0.0000000568621370431533
-0.0000000578659626729058
-0.000000056063960965139
-0.0000000570703737515246
-0.0000000552635341447438
-0.0000000562725295704409
-0.000000054460880925014
-0.0000000554725285591466
-0.0000000536560468129796
-0.0000000546703745911475
-0.0000000528490034683865
-0.0000000538660238961677
-0.0000000520398460230652
-0.0000000530595258484382
-0.0000000512285112495611
-0.0000000522509495672422
-0.0000000504150365499181
-0.0000000514402426772458
-0.0000000495994566037648
-0.0000000506274442640381
-0.0000000487818274635334
-0.0000000498125770364103
-0.0000000479620725273833
-0.0000000489956551521775
-0.0000000471403007387696
-0.0000000481766961912156
-0.0000000463164549203538
-0.0000000473557514651339
-0.0000000454905923702714
-0.0000000465327875358391
-0.0000000446627597851962
-0.000000045707850151886
-0.0000000438329323489622
-0.0000000448809555762207
-0.0000000430011104536484
-0.0000000440521120767151
-0.0000000421673882132708
-0.0000000432213423439041
-0.0000000413317255332949
-0.000000042388692816663
-0.0000000404941488918392
-0.0000000415541381344249
-0.0000000396546830842213
-0.0000000407177573086057
-0.000000038813325542555
-0.0000000398795198759137
-0.0000000379701588796124
-0.0000000390394099588457
-0.0000000371251648140762
-0.0000000381975549397137
-0.0000000362783315722636
-0.0000000373538745654777
-0.0000000354297380890208
-0.0000000365084395238905
-0.0000000345793536329694
-0.0000000356612883329495
-0.0000000337272121724375
-0.000000034812404246102
-0.0000000328733543579118
-0.0000000339618027566303
-0.0000000320177764208085
-0.0000000331095132045545
-0.0000000311605279044384
-0.0000000322555386103939
-0.0000000303016249713386
-0.0000000313999656352372
-0.0000000294410207060795
-0.0000000305427656969829
-0.0000000285788309236322
-0.0000000296839587741659
-0.0000000277150237644677
-0.0000000288235394086245
-0.00000002684964516699
-0.000000027961583675409
-0.0000000259826757614318
-0.0000000270981028283206
-0.0000000251141872727817
-0.0000000262331005237935
-0.0000000242441504320568
-0.0000000253666096032787
-0.0000000233726317543427
-0.0000000244986221570226
-0.0000000224996297714891
-0.0000000236291922070049
-0.0000000216251693570271
-0.0000000227583389869168
-0.0000000207492778763248
-0.0000000218860659325835
-0.0000000198719630904356
-0.0000000210124173557524
-0.000000018993266808164
-0.0000000201373904753218
-0.000000018113195812464
-0.0000000192610286196443
-0.0000000172317617208429
-0.0000000183833596594631
-0.0000000163490121252505
-0.0000000175043742645152
-0.0000000154649683330735
-0.0000000166241081003103
-0.0000000145796305196393
-0.0000000157426073255712
-0.000000013693033584907
-0.0000000148598619025251
-0.0000000128052025958875
-0.0000000139759073779643
-0.0000000119161585347023
-0.0000000130907596431503
-0.0000000110259508795563
-0.0000000122044556966223
-0.0000000101345116646948
-0.0000000113170348068532
-0.00000000924194666180722
-0.0000000104284855366254
-0.00000000834829215719187
-0.00000000953879385388788
-0.00000000745353201805437
-0.0000000086480761367007
-0.00000000655767371888216
-0.00000000775631622012714
-0.00000000566075388898616
-0.00000000686351003986782
-0.00000000476280649835106
-0.00000000596972375289396
-0.00000000386385615312013
-0.00000000507495786272012
-0.00000000296392093218405
-0.00000000417922752067905
-0.00000000206301936235867
-0.00000000328256885297236
-0.00000000116119490251702
-0.00000000238498998160111
-0.000000000258459710958113
-0.00000000148652465144502
0.000000000645163362619845
-0.000000000587212997120441
0.00000000154966966962225
0.000000000312939510144649
0.00000000245500099922302
0.00000000121391430123334
0.00000000336117265879904
0.00000000211564374846816
0.0000000042681479180233
0.00000000301814183239067
0.00000000517587102766445
0.00000000392141145367048
0.00000000608435112867971
0.00000000482538161945155
0.00000000699354119264448
0.00000000573003376555749
0.00000000790344192663282
0.00000000663537541232027
0.0000000088140269583055
0.00000000754132138834764
0.00000000972525683011493
0.00000000844790578773211
0.0000000106370981992728
0.00000000935510614795094
0.0000000115495503227784
0.0000000102628528903872
0.0000000124625837588687
0.0000000111711480465485
0.0000000133761664596666
0.0000000120799686715157
0.0000000142902718422039
0.000000012989291717011
0.0000000152048638882266
0.0000000138990761014389
0.0000000161199639618968
0.0000000148093135183895
0.0000000170355054138761
0.0000000157199665535947
0.0000000179514771952244
0.000000016631021644445
0.0000000188678557681181
0.0000000175424466924549
0.0000000197846050438223
0.0000000184542225193695
0.0000000207017140326394
0.0000000193662912969612
0.0000000216191890460585
0.0000000202786852190041
0.0000000225369362982541
0.0000000211913205285959
0.0000000234549793530157
0.0000000221042287834423
0.0000000243732463740183
0.0000000230173720051142
0.000000025291762551308
0.0000000239306859198466
0.0000000262104962089967
0.0000000248441807150317
0.0000000271293894963986
0.0000000257578283141501
0.0000000280484376370161
0.0000000266715857490852
0.0000000289676266674281
0.0000000275854406698208
0.0000000298869200399019
0.0000000284993650239156
0.0000000308062782284059
0.0000000294133521574604
0.0000000317257073135543
0.0000000303273316396518
0.0000000326451526192641
0.0000000312413157844122
0.0000000335646123738242
0.0000000321552902761068
0.0000000344840388768784
0.000000033069175894698
0.0000000354034176786487
0.0000000339829894821631
0.0000000363227637024873
0.0000000348966756988865
0.0000000372419765495811
0.000000035810251728609
0.0000000381610848275562
0.0000000367236539927791
0.000000039080030606141
0.0000000376368872551205
0.0000000399987859544925
0.0000000385499187223458
0.0000000409173637556438
0.0000000394627011855768
0.0000000418357162991496
0.0000000403752301526227
0.0000000427538172418347
0.0000000412874577709324
0.0000000436716432246953
0.0000000421993677824716
0.0000000445891717474278
0.00000004311097779949
0.0000000455063556471116
0.0000000440221985870519
0.0000000464232209493491
0.0000000449330228448255
0.000000047339695990861
0.0000000458434472028405
0.0000000482557265385419
0.0000000467534420853466
0.0000000491713900447832
0.0000000476629521059322
0.0000000500865852182082
0.0000000485719732732386
0.0000000510012613316258
0.0000000494805100669667
0.0000000519154652027113
0.0000000503884619409619
0.0000000528291557063261
0.0000000512958536015421
0.0000000537422822453168
0.0000000522026582307424
0.0000000546548042980424
0.0000000531088678419699
0.0000000555667412046509
0.0000000540144012873364
0.0000000564780379071617
0.0000000549192857788986
0.0000000573886934927849
0.000000055823451538507
0.0000000582986664996607
0.0000000567268976421299
0.0000000592079209230106
0.0000000576296524467465
0.0000000601164279769702
0.0000000585315863003497
0.0000000610242007383777
0.0000000594327284394467
0.0000000619312009170242
0.0000000603330351961656
0.0000000628373720325412
0.0000000612325339342936
0.0000000637427317039512
0.0000000621311294180558
0.0000000646472075693612
0.000000063028847060038
0.0000000655508023719237
0.0000000639256362997762
0.0000000664534804020519
0.0000000648214737781439
0.0000000673552734954703
0.0000000657163175376838
0.0000000682560717921125
0.0000000666101933555154
0.0000000691558867320063
0.0000000675030486103194
0.0000000700546982271799
0.0000000683948282385084
0.0000000709524738771711
0.0000000692855339644514
0.0000000718492094974426
0.0000000701751669831093
0.0000000727448190695144
0.0000000710636660756773
0.0000000736393667063351
0.0000000719510039236344
0.0000000745327661988432
0.0000000728371707851266
0.0000000754250031900797
0.0000000737221539041975
0.0000000763160537017638
0.00000007460589690765
0.0000000772059226906156
0.0000000754883876321249
0.0000000780945310584118
0.000000076369635844309
0.0000000789818887761048
0.0000000772495742785372
0.0000000798679632740466
0.0000000781281579330336
0.0000000807527766501254
0.000000079005420168131
0.0000000816362086570521
0.0000000798813038406443
0.0000000825183106999006
0.0000000807558268699727
0.0000000833990164425952
0.0000000816288950707033
0.0000000842783383008103
0.0000000825005212606843
0.0000000851562205054296
0.0000000833706770824709
0.0000000860326647649476
0.0000000842393553914078
0.0000000869076367483104
0.0000000851064891334944
0.0000000877811131467409
0.0000000859720951654817
0.0000000886530650216529
0.0000000868361366659225
0.0000000895234751631914
0.0000000876985801590519
0.0000000903922889581021
0.0000000885594178683837
0.0000000912595456267335
0.0000000894186282284353
0.0000000921251610524589
0.0000000902761597652021
0.0000000929891638458902
0.0000000911320122346169
0.000000093851458553345
0.0000000919861803208248
0.000000094712068669075
0.000000092838584925724
0.0000000955709974807694
0.0000000936892366303344
0.0000000964281987238236
0.0000000945381430787802
0.0000000972836018148571
0.0000000953852188521334
0.0000000981372554750526
0.0000000962304408442358
0.0000000989891280501156
0.0000000970738338246867
0.0000000998391402853027
0.0000000979153708147814
0.00000010068732143933
0.0000000987550114724451
0.000000101533618423245
0.0000000995927197917556
0.000000102378008063078
0.000000100428490146109
0.00000010322051170156
0.000000101262291883218
0.000000104061062659013
0.00000010209413739041
0.000000104899620188027
0.000000102923933000999
0.000000105736253559295
0.000000103751728527177
0.000000106570830318547
0.000000104577454777955
0.000000107403385658546
0.00000010540110808427
0.000000108233894092638
0.000000106222684468849
0.000000109062341293678
0.000000107042099494425
0.00000010988867914212
0.000000107859386467214
0.000000110712905660593
0.000000108674548369135
0.000000111534977525379
0.000000109487457322829
0.000000112354920265332
0.000000110298186708741
0.000000113172688682878
0.000000111106688669303
0.000000113988214269752
0.000000111912911904315
0.000000114801546063441
0.000000112716905845816
0.000000115612618074749
0.000000113518603717677
0.000000116421398473851
0.000000114317948992774
0.00000011722793353222
0.000000115114969310351
0.000000118032158733282
0.000000115909636359804
0.000000118834022405394
0.000000116701935414121
0.000000119633546705093
0.000000117491820768601
0.000000120430722312245
0.000000118279283152717
0.000000121225494408758
0.000000119064284011244
0.000000122017857068051
0.000000119846847925516
0.00000012280778647294
0.000000120626944467758
0.000000123595256379253
0.000000121404520649752
0.00000012438022477783
0.000000122179590173806
0.000000125162753404945
0.000000122952096690793
0.000000125942740498411
0.000000123722027862766
0.000000126720227798728
0.000000124489382730222
0.000000127495142796684
0.000000125254150663367
0.000000128267513569453
0.000000126016281137673
0.000000129037243025944
0.000000126775774347435
0.000000129804398564927
0.000000127532618462594
0.000000130568903936983
0.00000012828675894482
0.000000131330800845674
0.000000129038228105991
0.000000132089980834833
0.000000129786973428504
0.000000132846522589784
0.000000130532940840185
0.000000133600340764201
0.000000131276179872735
0.00000013435144751538
0.000000132016649878915
0.000000135099803478147
0.000000132754331132409
0.000000135845398553719
0.000000133489172543939
0.000000136588247415341
0.000000134221208680274
0.000000137328265516836
0.000000134950366696899
0.000000138065495744792
0.00000013567668680059
0.000000138799875830123
0.000000136400127598171
0.000000139531427104339
0.00000013712064757645
0.000000140260107337708
0.000000137838250981055
0.000000140985896538599
0.000000138552939475987
0.000000141708800136022
0.000000139264629193023
0.000000142428773622688
0.000000139973367635888
0.000000143145874153433
0.000000140679108509988
0.000000143859959332225
0.000000141381851409245
0.000000144571088580608
0.000000142081583170767
0.000000145279243887504
0.000000142778265343977
0.00000014598439147289
0.000000143471892713096
0.000000146686565557793
0.000000144162425351913
0.000000147385674232957
0.000000144849883733654
0.000000148081743540946
0.000000145534243134869
0.000000148774753215352
0.000000146215477703679
0.000000149464666921833
0.000000146893586534193
0.000000150151492070491
0.000000147568522845347
0.000000150835246394184
0.000000148240292497986
0.000000151515826696492
0.000000148908906646699
0.000000152193294107534
0.000000149574285420736
0.000000152867615406592
0.000000150236444219544
0.000000153538756153107
0.000000150895401204681
0.00000015420671814805
0.000000151551098936812
0.000000154871492118041
0.000000152203552210361
0.000000155533022100758
0.00000015285273583013
0.000000156191343018779
0.000000153498618855795
0.000000156846418002106
0.000000154141216459816
0.000000157498233302755
0.000000154780480462878
0.000000158146819449923
0.000000155416388987544
0.000000158792119852322
0.000000156048974979148
0.000000159434126965661
0.000000156678200006814
0.000000160072779302273
0.000000157304067556282
0.000000160708155580623
0.00000015792654896507
0.00000016134017886353
0.00000015854561358289
0.000000161968867700698
0.000000159161293447098
0.000000162594166169262
0.000000159773558763668
0.000000163216123205045
0.000000160382347861873
0.000000163834695705115
0.000000160987680365405
0.000000164449881507902
0.000000161589599370403
0.000000165061650307443
0.000000162187991503572
0.000000165669986682871
0.000000162782939131263
0.000000166274909839552
0.000000163374371524498
0.00000016687638237714
0.00000016396229637765
0.000000167474399353156
0.000000164546676572613
0.000000168068947025999
0.000000165127578421754
0.000000168660027501875
0.00000016570488279573
0.000000169247612611139
0.000000166278647552299
0.000000169831718024591
0.000000166848847727407
0.000000170412300973229
0.0000001674154541959
0.000000170989371254219
0.000000167978495451468
0.000000171562886998383
0.000000168537938100283
0.000000172132891062205
0.000000169093741897124
0.000000172699350181781
0.000000169645925529231
0.000000173262247190165
0.0000001701945205063
0.000000173821544923703
0.000000170739435378912
0.000000174377291791547
0.000000171280712811543
0.000000174929465200389
0.000000171818334034991
0.000000175478021265523
0.000000172352263472926
0.00000017602300024393
0.0000001728825230061
0.000000176564309856895
0.000000173409113149612
0.00000017710201226471
0.000000173932009801006
0.000000177636136141446
0.000000174451150718671
0.00000017816659235141
0.000000174966609242624
0.000000178693396544074
0.000000175478345004846
0.000000179216497139188
0.000000175986367556002
0.000000179736022482706
0.000000176490605405866
0.000000180251810444854
0.000000176991153225051
0.000000180763945976304
0.00000017748786982313
0.000000181272397184095
0.000000177980860168073
0.000000181777145902696
0.000000178470104060689
0.000000182278200998308
0.000000178955522005854
0.000000182775576521501
0.000000179437163945031
0.000000183269212882957
0.000000179915039791197
0.0000001837590932027
0.000000180389089993012
0.000000184245291322863
0.000000180859344094048
0.000000184727749076196
0.000000181325771987478
0.000000185206463621719
0.000000181788392343479
0.000000185681434704603
0.000000182247169926495
0.000000186152665803582
0.0000001827021305085
0.000000186620127644904
0.000000183153220555602
0.000000187083835029938
0.000000183600490602546
0.000000187543784442656
0.000000184043923132943
0.000000187999920356315
0.000000184483487401726
0.000000188452314566497
0.000000184919190552845
0.000000188900943183584
0.000000185350997204977
0.00000018934575323653
0.0000001857789594704
0.000000189786787253394
0.000000186203035785222
0.000000190224044320007
0.000000186623230205843
0.000000190657478835107
0.00000018703953450228
0.000000191087116468648
0.000000187451948844108
0.000000191512979591939
0.000000187860448145533
0.000000191935000570048
0.000000188265064778076
0.00000019235320049364
0.000000188665803511451
0.000000192767606285683
0.00000018906257559763
0.000000193178196716604
0.000000189455490124111
0.000000193584941732584
0.000000189844468957306
0.000000193987883481797
0.00000019022952590296
0.00000019438696312891
0.000000190610666855713
0.000000194782246793898
0.00000019098785968387
0.000000195173723711431
0.000000191361151005162
0.00000019556130373396
0.000000191730528444389
0.00000019594506371143
0.000000192095933190888
0.000000196325006703325
0.00000019245739693536
0.000000196701112390316
0.000000192814955701506
0.000000197073359131403
0.000000193168569234364
0.000000197441778587947
0.000000193518217558882
0.000000197806332579115
0.000000193863926681874
0.000000198167071018395
0.000000194205692257929
0.000000198523950025205
0.000000194543516588515
0.000000198876986173616
0.000000194877373220681
0.000000199226185423251
0.000000195207300528783
0.000000199571479611396
0.000000195533309484956
0.000000199912974294927
0.000000195855295928035
0.00000020025064237102
0.000000196173351639804
0.000000200584412167569
0.000000196487491483054
0.000000200914393742204
0.00000019679757192926
0.000000201240501853634
0.000000197103837994914
0.000000201562641047972
0.000000197406210508925
0.000000201880980362211
0.00000019770444354211
0.000000202195689677391
0.000000197998666641878
0.000000202506432098395
0.000000198289092538187
0.000000202813261552131
0.000000198575505297945
0.000000203116310976048
0.000000198857947668959
0.000000203415525449108
0.000000199136486493655
0.000000203710865176442
0.000000199411026532881
0.000000204002411881739
0.000000199681636348975
0.000000204290076701138
0.000000199948303964567
0.000000204573928890867
0.000000200210981867913
0.00000020485398400967
0.000000200469736581354
0.000000205130152600213
0.000000200724569643015
0.000000205402534554885
0.000000200975406734548
0.00000020567110334234
0.000000201222339304173
0.000000205935780096536
0.000000201465341824081
0.000000206196686549017
0.000000201704336131422
0.000000206453831965928
0.000000201939422423829
0.000000206707103407142
0.000000202170599131691
0.000000206956579447906
0.000000202397818251698
0.000000207202262330689
0.000000202621118276531
0.000000207444127068473
0.000000202840452050289
0.000000207682217846842
0.000000203055914308102
0.000000207916479895138
0.000000203267458113616
0.000000208146979167456
0.000000203475024972925
0.00000020837370359846
0.000000203678693087659
0.000000208596646052786
0.000000203878452500169
0.000000208815807707825
0.000000204074299547885
0.000000209031188781717
0.000000204266250691661
0.000000209242823284007
0.0000002044543128971
0.000000209450656273797
0.000000204638450670555
0.000000209654754796771
0.000000204818694038708
0.000000209855130313807
0.000000204995047001052
0.000000210051730971727
0.000000205167541409526
0.000000210244581553111
0.000000205336106051179
0.000000210433731349172
0.000000205500816743771
0.000000210619145327194
0.000000205661621419445
0.000000210800830682715
0.00000020581861521684
0.000000210978790156935
0.000000205971712738704
0.000000211153032670486
0.000000206120973630249
0.000000211323545438563
0.000000206266351552762
0.000000211490428084554
0.000000206407867192079
0.000000211653588618503
0.000000206545571033995
0.000000211813064050637
0.000000206679393592799
0.000000211968873822955
0.000000206809411156777
0.000000212121005244998
0.000000206935591110158
0.000000212269450971688
0.000000207057964076442
0.00000021241424397954
0.000000207176538888763
0.000000212555400722463
0.00000020729123421983
0.000000212692918644911
0.00000020740215518064
0.000000212826801087207
0.000000207509304960049
0.000000212957038114842
0.000000207612637321842
0.000000213083661986881
0.000000207712178695847
0.000000213206705344779
0.000000207807948990274
0.000000213326084228242
0.000000207899923908744
0.000000213441921976018
0.000000207988179894846
0.000000213554118903422
0.000000208072644375087
0.000000213662778823167
0.000000208153347250146
0.000000213767868254306
0.00000020823030824174
0.000000213869359478939
0.000000208303545715536
0.000000213967309622494
0.000000208373038779995
0.000000214061729378416
0.000000208438790731569
0.00000021415261533791
0.00000020850085186132
0.000000214239968841075
0.000000208559161602626
0.000000214323815817389
0.000000208613774587328
0.000000214404128335225
0.000000208664724440331
0.000000214480953110064
0.000000208711954755008
0.000000214554301791306
0.000000208755518238093
0.000000214624141046668
0.000000208795400767942
0.000000214690541642706
0.000000208831594239002
0.00000021475347118378
0.000000208864182483702
0.0000002148129204509
0.000000208893093690075
0.000000214868954068749
0.000000208918348014279
0.000000214921573674653
0.000000208939977128698
0.000000214970728087283
0.000000208958004590995
0.000000215016507120161
0.000000208972384235564
0.000000215058875472706
0.000000208983159771534
0.000000215097838928742
0.000000208990344898392
0.000000215133432101556
0.000000208993945512421
0.000000215165687528289
0.000000208993923928873
0.000000215194541626395
0.000000208990355490077
0.00000021522008532734
0.00000020898322323704
0.00000021524226315387
0.000000208972520265373
0.000000215261101798314
0.00000020895830130806
0.000000215276669769092
0.000000208940504919312
0.000000215288903460599
0.000000208919186870538
0.000000215297885691503
0.000000208894335390469
0.000000215303548486984
0.000000208865990447028
0.000000215305952166083
0.000000208834140196699
0.000000215305099783727
0.000000208798811053747
0.000000215300988900548
0.000000208759981527226
0.000000215293664994037
0.000000208717663129095
0.000000215283126983259
0.000000208671875360516
0.000000215269369963661
0.000000208622651808488
0.000000215252396782529
0.000000208569987251743
0.000000215232239894813
0.000000208513882469013
0.000000215208919547053
0.000000208454351928307
0.000000215182441828603
0.000000208391371787321
0.000000215152815320865
0.00000020832501001391
0.000000215120038487903
0.000000208255227965997
0.000000215084145971387
0.000000208182078321364
0.000000215045183856405
0.000000208105548894883
0.000000215003048438692
0.000000208025631726975
0.000000214957862220428
0.000000207942388853335
0.000000214909591820744
0.000000207855774514772
0.000000214858265719383
0.000000207765822606201
0.000000214803894121308
0.000000207672552930654
0.000000214746506769486
0.000000207575928466497
0.000000214686070314593
0.000000207476017208648
0.000000214622642376724
0.000000207372819284167
0.00000021455620943062
0.000000207266309102456
0.000000214486794948848
0.000000207156540831123
0.000000214414427384547
0.000000207043470934628
0.000000214339102697157
0.000000206927174880271
0.000000214260811344427
0.000000206807620358402
0.00000021417961567552
0.000000206684844686138
0.000000214095470131808
0.000000206558825590708
0.000000214008467072514
0.000000206429585106191
0.000000213918571961088
0.000000206297125815915
0.000000213825784855204
0.000000206161507457817
0.000000213730130044904
0.000000206022682678097
0.000000213631663859799
0.000000205880657740884
0.000000213530363265689
0.000000205735493232199
0.000000213426231897518
0.000000205587173249922
0.000000213319276708031
0.000000205435711536881
0.000000213209548693912
0.000000205281127125093
0.000000213097053597659
0.000000205123394965703
0.000000212981799512891
0.000000204962539854771
0.000000212863809852751
0.000000204798597052962
0.000000212743075531334
0.000000204631561171891
0.000000212619592871107
0.000000204461468645976
0.000000212493434456473
0.000000204288288884258
0.000000212364596778612
0.000000204112025418466
0.000000212233109994056
0.000000203932700586471
0.000000212098918875599
0.000000203750359304985
0.000000211962122140308
0.000000203564980751243
0.000000211822661493027
0.00000020337660256331
0.000000211680590263594
0.000000203185236351872
0.000000211535914814487
0.000000202990831509533
0.000000211388664482901
0.000000202793427571051
0.000000211238866781604
0.000000202593056025182
0.000000211086480384494
0.000000202389753238058
0.000000210931566712784
0.00000020218344470698
0.000000210774156034625
0.000000201974198390306
0.000000210614196930966
0.000000201762036529384
0.000000210451751412723
0.000000201546925141488
0.000000210286840858722
0.000000201328921264905
0.000000210119464588596
0.000000201107994747133
0.000000209949638411539
0.000000200884168052679
0.000000209777363986358
0.000000200657467803432
0.000000209602698304028
0.000000200427897027952
0.000000209425620617584
0.000000200195388720583
0.000000209246167301885
0.000000199960106570344
0.000000209064331051549
0.000000199721990208701
0.000000208880127054162
0.000000199480981152621
0.000000208693595660251
0.000000199237171826381
0.000000208504754612689
0.000000198990534341768
0.000000208313572926469
0.000000198741095253652
0.00000020812015681111
0.000000198488857382596
0.000000207924410896141
0.000000198233840659232
0.000000207726434333055
0.000000197976027011581
0.000000207526190240516
0.00000019771547134407
0.000000207323706349771
0.000000197452157698061
0.000000207119058467716
0.000000197186068520286
0.00000020691219964345
0.000000196917246813751
0.000000206703146596169
0.000000196645719622301
0.000000206491904242276
0.000000196371435940946
0.000000206278562519951
0.000000196094473767301
0.00000020606305265186
0.000000195814793961188
0.000000205845462316232
0.000000195532407166975
0.000000205625754025117
0.000000195247327028828
0.00000020540397733437
0.000000194959623227047
0.000000205180097640848
0.000000194669209889579
0.000000204954193069935
0.000000194376154102837
0.000000204726256996291
0.000000194080432483381
0.000000204496322129931
0.000000193782074847581
0.000000204264346975874
0.000000193481126221043
0.000000204030375565959
0.000000193177509579822
0.000000203794477501902
0.000000192871291425368
0.000000203556627469749
0.000000192562475013687
0.00000020331681528232
0.000000192251043947748
0.00000020307510218284
0.000000191937035253756
0.000000202831494372428
0.000000191620426435113
0.000000202585984875101
0.000000191301253433825
0.000000202338629521945
0.000000190979530214207
0.000000202089406089909
0.000000190655229932541
0.000000201838359344653
0.000000190328372671052
0.000000201585501017573
0.000000189998975310521
0.000000201330839882724
0.000000189667051267924
0.000000201074382797885
0.000000189332604529121
0.000000200816157533791
0.000000188995613852596
0.000000200556210064958
0.000000188656121122777
0.000000200294528078073
0.000000188314121677736
0.000000200031085847796
0.000000187969631564629
0.000000199766019570531
0.000000187622612995357
0.000000199499239882208
0.000000187273120034856
0.000000199230791006002
0.000000186921163063712
0.00000019896072207818
0.000000186566712602955
0.000000198688998551368
0.000000186209787213831
0.000000198415691763245
0.000000185850422898183
0.00000019814079052789
0.000000185488569771934
0.000000197864320973358
0.00000018512429409303
0.000000197586261136581
0.000000184757557408169
0.000000197306695849505
0.00000018438838985468
0.00000019702560656036
0.000000184016766426352
0.000000196743013061428
0.000000183642750892217
0.000000196458934558727
0.000000183266254009909
0.000000196173412227868
0.000000182887374652589
0.000000195886406656631
0.000000182506080126532
0.000000195597990841653
0.000000182122351633281
0.000000195308191425164
0.000000181736216844832
0.000000195016948570542
0.000000181347716421521
0.000000194724354116523
0.000000180956795004235
0.000000194430374290444
0.000000180563499637624
0.000000194135098320908
0.000000180167770475167
0.000000193838518665912
0.000000179769654680626
0.000000193540612982073
0.000000179369169938009
0.000000193241429649402
0.000000178966318756643
0.000000192940962456707
0.000000178561076301113
0.000000192639282955017
0.000000178153478030429
0.000000192336335755584
0.000000177743480916601
0.000000192032258986086
0.000000177331097354378
0.000000191726945642725
0.000000176916347734092
0.000000191420501559976
0.000000176499239049592
0.000000191112879005619
0.000000176079777815681
0.000000190804134945053
0.000000175657955438524
0.000000190494298012725
0.000000175233732910356
0.000000190183385924335
0.000000174807155763178
0.000000189871384898506
0.000000174378218558877
0.000000189558354489279
0.000000173946933755666
0.000000189244281910365
0.000000173513267525873
0.000000188929225951864
0.000000173077261109284
0.000000188613153734441
0.000000172638871069871
0.000000188296117178857
0.000000172198132900673
0.000000187978174837585
0.000000171754993055697
0.000000187659317930177
0.000000171309515926433
0.000000187339516971266
0.00000017086168728643
0.000000187018841848783
0.000000170411457511782
0.000000186697322063512
0.000000169958867353276
0.00000018637498472917
0.000000169503878780787
0.000000186051798281403
0.000000169046556483209
0.000000185727839565837
0.000000168586834260145
0.0000001854030934875
0.000000168124709455548
0.000000185077591433399
0.000000167660253296575
0.000000184751396701049
0.000000167193350524346
0.000000184424461262803
0.00000016672410414898
0.000000184096859950703
0.000000166252397677446
0.000000183768621489585
0.000000165778314271548
0.000000183439713259354
0.000000165301835629246
0.00000018311020105195
0.000000164822934521382
0.000000182780130682734
0.000000164341589471157
0.000000182449485555809
0.000000163857817136315
0.000000182118289854629
0.000000163371628159209
0.000000181786574831324
0.000000162882992508303
0.000000181454394616092
0.00000016239192245504
0.000000181121724583515
0.00000016189835544986
0.00000018078864017729
0.000000161402333802671
0.000000180455122745893
0.000000160903836920754
0.000000180121234806493
0.000000160402863313178
0.000000179786984502545
0.000000159899393769047
0.000000179452372953257
0.000000159393421789886
0.000000179117470525829
0.00000015888490058232
0.000000178782301963585
0.000000158373895574372
0.000000178446862933066
0.000000157860334543222
0.000000178111185595012
0.000000157344214000129
0.000000177775333946126
0.000000156825538930742
0.000000177439305886148
0.000000156304264298515
0.00000017710314513612
0.000000155780419537385
0.000000176766857997942
0.000000155253980780582
0.00000017643048722235
0.000000154724889177
0.000000176094096989548
0.000000154193167705904
0.00000017575765397065
0.0000001536587966021
0.000000175421246775844
0.000000153121759360171
0.000000175084886639074
0.00000015258202539409
0.000000174748581191246
0.000000152039599766454
0.000000174412379579069
0.000000151494439544035
0.00000017407634494298
0.000000150946509675758
0.000000173740473315624
0.000000150395860693543
0.000000173404814366509
0.00000014984240868837
0.000000173069379140993
0.000000149286170918962
0.000000172734211460845
0.000000148727083555138
0.000000172399396123965
0.000000148165130914534
0.000000172064934343223
0.000000147600327723431
0.000000171730825522657
0.000000147032623736178
0.000000171397149003174
0.000000146461986288683
0.000000171063966798512
0.000000145888390865433
0.000000170731257858592
0.000000145311839648746
0.000000170399087973756
0.00000014473227811164
0.000000170067519025564
0.000000144149676577862
0.000000169736570693525
0.000000143564006911311
0.00000016940628929057
0.000000142975231821515
0.000000169076722954135
0.000000142383337463767
0.000000168747906863666
0.000000141788261372445
0.000000168419928342074
0.00000014119002581594
0.000000168092730862569
0.000000140588560201923
0.000000167766462079373
0.00000013998378497332
0.000000167441140647359
0.000000139375728806046
0.000000167116781412825
0.000000138764368929614
0.000000166793477488858
0.00000013814960288993
0.000000166471225288015
0.000000137531417290086
0.000000166150174421392
0.000000136909735022815
0.00000016583026671873
0.000000136284589229521
0.000000165511637754774
0.000000135655877020009
0.000000165194283865045
0.00000013502359073302
0.000000164878292274539
0.000000134387623711925
0.000000164563750975751
0.000000133747964105766
0.00000016425066917549
0.000000133104581097316
0.00000016393910543377
0.000000132457390828383
0.000000163629140872584
0.000000131806366765737
0.000000163320862424416
0.000000131151416273924
0.000000163014297284041
0.00000013049252212727
0.000000162709505916979
0.000000129829619201775
0.000000162406603774688
0.00000012916259466089
0.000000162105639642654
0.000000128491431104653
0.000000161806680305599
0.00000012781607287531
0.000000161509767002413
0.000000127136459093956
0.000000161215033192726
0.000000126452469817281
0.000000160922556619726
0.000000125764049790083
0.000000160632343467401
0.000000125071188857163
0.000000160344536665709
0.000000124373755162069
0.000000160059207620957
0.000000123671648886997
0.000000159776462225694
0.000000122964851862492
0.000000159496347818377
0.000000122253234798109
0.000000159218995395401
0.000000121536726118091
0.000000158944438589944
0.000000120815283030829
0.000000158672835439152
0.000000120088730953787
0.00000015840426700884
0.000000119357033758115
0.000000158138844887362
0.000000118620071429741
0.000000157876628808535
0.00000011787776540647
0.000000157617775849328
0.000000117129986905838
0.000000157362348554508
0.000000116376669894343
0.000000157110526021783
0.000000115617657621628
0.000000156862373837266
0.000000114852847195036
0.000000156618032491023
0.000000114082147473526
0.000000156377614506445
0.000000113305381657283
0.000000156141286069499
0.000000112522540544359
0.000000155909096000163
0.000000111733383222075
0.000000155681267767905
0.000000110937783600384
0.000000155457927788912
0.000000110135656086527
0.000000155239126303348
0.000000109326862583279
0.000000155025155468847
0.000000108511200593619
0.000000154816107277567
0.000000107688523426111
0.000000154612107509254
0.000000106858754701619
0.00000015441332932449
0.00000010602161994035
0.000000154220013771323
0.000000105177007963635
0.000000154032266435805
0.000000104324769459333
0.000000153850286195558
0.000000103464673776202
0.000000153674263991771
0.000000102596556362384
0.000000153504376296543
0.000000101720229065348
0.000000153340842072538
0.000000100835501807863
0.000000153183867636272
0.0000000999421300652219
0.000000153033691627933
0.000000099039919225967
0.000000152890495461081
0.0000000981286520873206
0.000000152754494402302
0.000000097208103031219
0.000000152625997164111
0.0000000962779817681124
0.00000015250521681838
0.0000000953381212566334
0.000000152392358596167
0.000000094388228564002
0.000000152287746222536
0.0000000934280187057384
0.00000015219165914226
0.0000000924572220256804
0.00000015210433874699
0.000000091475555781711
0.000000152026114300066
0.0000000904827369594511
0.000000151957297071371
0.0000000894784324603024
0.000000151898144890936
0.0000000884623783034399
0.000000151849046723711
0.0000000874341293356072
0.000000151810373568135
0.0000000863933882782536
0.000000151782413552711
0.0000000853398660078657
0.000000151765554788641
0.0000000842730978094693
0.000000151760210838626
0.0000000831926981464952
0.00000015176676244217
0.0000000820983331382925
0.00000015178560371057
0.0000000809895037213033
0.00000015181720462188
0.0000000798658018132369
0.000000151861989711787
0.0000000787267787133989
0.000000151920449478322
0.0000000775719019412904
0.000000151993095986132
0.0000000764007463047693
0.00000015208039348053
0.0000000752127049516335
0.000000152182887778005
0.0000000740073362206648
0.000000152301131116364
0.0000000727840519087937
0.000000152435673732881
0.000000071542196730808
0.0000001525871926347
0.0000000702812098922011
0.000000152756272501969
0.0000000690004302491123
0.000000152943559543033
0.0000000676991961296328
0.000000153149734342694
0.0000000663768349640935
0.000000153375557093074
0.0000000650325650436487
0.00000015362176994082
0.0000000636655858713333
0.000000153889155646661
0.000000062275184202446
0.000000154178483150238
0.0000000608604654654276
0.000000154490703216597
0.0000000594205687509941
0.000000154826666618879
0.000000057954559153596
0.000000155187294534324
0.0000000564615116689919
0.000000155573566125213
0.0000000549403550061467
0.00000015598661626046
0.0000000533900407627692
0.000000156427458550313
0.000000051809498865569
0.000000156897226198395
0.0000000501975225817892
0.000000157397146034197
0.0000000485528737023024
0.00000015792846630766
0.0000000468742647614032
0.00000015849252625064
0.0000000451603618632262
0.000000159090716679395
0.0000000434097153456754
0.00000015972450342544
0.0000000416208040136824
0.000000160395423009699
0.0000000397920882801216
0.000000161105081541122
0.0000000379218423871289
0.000000161855248069373
0.0000000360083696357279
0.000000162647674040268
0.0000000340497584006491
0.000000163484313217714
0.000000032044091521396
0.000000164367126407089
0.0000000299892762009439
0.000000165298265456779
0.0000000278831102859927
0.000000166280007537395
0.0000000257233170067322
0.000000167314701610866
0.0000000235074264571331
0.000000168404870090237
0.0000000212328544538287
0.000000169553152884115
0.0000000188968457978764
0.000000170762430014563
0.0000000164965291465496
0.000000172035605838163
0.0000000140288066231161
0.000000173375952280505
0.0000000114903812059583
0.000000174786829548536
0.00000000887775144976241
0.000000176271757200673
0.00000000618726802314595
0.000000177834621144828
0.00000000341497128113652
0.000000179479468673889
0.000000000556682844935406
0.000000181210582447755
-0.00000000239208195935683
0.000000183032626899829
-0.00000000543607832465246
0.000000184950518883067
-0.00000000858039064187701
0.000000186969453312224
-0.0000000118304556992072
0.000000189095117745918
-0.0000000151920739522252
0.000000191333485238524
-0.000000018671455175223
0.000000193690967380905
-0.0000000222752709785037
0.000000196174508221369
-0.0000000260106673731506
0.00000019879149121343
-0.0000000298853089687427
0.000000201549811420105
-0.0000000339074222869212
0.000000204458073340249
-0.0000000380858368068087
0.000000207525396028643
-0.0000000424301121622091
0.000000210761736237491
-0.000000046950548714213
0.000000214177737388999
-0.0000000516582204940348
0.000000217784955157149
-0.0000000565651130330629
0.00000022159582209992
-0.0000000616841684214243
0.000000225623801351567
-0.0000000670294210450247
0.000000229883581162649
-0.0000000726161683831873
0.000000234390981367622
-0.0000000784608866844623
0.000000239163251683908
-0.0000000845815388299469
0.000000244219140057947
-0.0000000909977694853967
0.000000249579113727338
-0.0000000977308843829803
0.000000255265448900162
-0.000000104804193697996
0.000000261302549551647
-0.000000112243249537339
0.000000267717148686325
-0.000000120076024552464
0.000000274538506551015
-0.000000128333171817279
0.000000281798790456316
-0.000000137048452071846
0.000000289533437416347
-0.000000146259064772383
0.000000297781497205867
-0.000000156006022664359
0.000000306586124238272
-0.000000166334767116297
0.000000315995075008412
-0.000000177295526396813
0.000000326061341108773
-0.000000188944199587718
0.000000336843834227494
-0.000000201342990057325
0.000000348408261687739
-0.000000214561256215711
0.00000036082794737533
-0.000000228676589053568
0.000000374185039272893
-0.00000024377604618294
0.000000388571783617291
-0.000000259957457154639
0.000000404092082674516
-0.000000277331165937398
0.000000420863167658843
-0.000000296021917629737
0.000000439017890428415
-0.000000316171244636398
0.000000458707225069275
-0.000000337940285919017
0.00000048010317635624
-0.000000361512956934545
0.000000503402651249429
-0.000000387100150249256
0.00000052883170885522
-0.000000414944476808475
0.000000556651051119074
-0.000000445326210154446
0.000000587162280424255
-0.000000478570514249776
0.000000620716320626701
-0.000000515056397297223
0.000000657723040429679
-0.000000555227746300398
0.000000698663777999599
-0.000000599607069273398
0.00000074410657420636
-0.000000648812902201924
0.000000794725896186374
-0.000000703581778342138
0.000000851327278867518
-0.000000764796141834981
0.000000914879142886507
-0.000000833520700105794
0.000000986554166740002
-0.000000911049356085544
0.00000106778287296484
-0.000000998967051242489
0.00000116032499892554
-0.00000109923197544962
0.00000126636469750354
-0.00000121428630367821
0.00000138863961928499
-0.00000134720688234413
0.00000153061758082789
-0.00000150191398702904
0.00000169674395161563
-0.00000168346457703211
0.00000189279115123725
-0.00000189847160293831
0.00000212636396262874
-0.00000215571561192751
0.00000240764372050415
-0.00000246705581966443
0.00000275051063423068
-0.00000284882111906894
0.0000031742795850823
-0.00000332399256040992
0.00000370646566004585
-0.00000392573654516165
0.00000438733897730085
-0.00000470333423075042
0.00000527772445384436
-0.00000573255828852684
0.00000647297794949537
-0.00000713475175478546
0.00000812941766692156
-0.0000091140443609862
0.0000105176763579378
-0.0000120353838335736
0.0000141394175085764
-0.0000166035978264573
0.0000200101000181649
-0.0000243250243697004
0.0000304424061323483
-0.0000388994257281326
0.0000516596029499984
-0.0000714720730029176
0.000105303868800083
-0.000168916030978403
0.000310205980102418
-0.000719692449873758
0.00280730748529537
1.04677482005187
0.0020653547408907
-0.108988717536166
-0.180818041198954
-0.192719798394594
-0.147223795841452
-0.0676186801418612
0.014951190179009
0.0715390015601197
0.0861054074721702
0.0586810553180251
0.00438377034103713
-0.0538928923820559
-0.0937272049174853
-0.101422994040733
-0.0757845743605281
-0.0278720434541369
0.0240816554567878
0.0613924032604158
0.071751390367789
0.0529414658926395
0.0131204547096013
-0.032832177474668
-0.0687419454406007
-0.0828715506063778
-0.0714669067642794
-0.0395286515474318
0.00164261097778918
0.0386374078294007
0.0606461518623862
0.0627181588551552
0.0469065876525153
0.0208262083410132
-0.00538009804204774
-0.0227400796702982
-0.0262751329541654
-0.016304603859503
0.0022604879448159
0.0220001521596892
0.0357894428759063
0.0391354737427319
0.0314755351363204
0.0159500376970254
-0.00196982349095065
-0.0165654843154787
-0.023760999226376
-0.0223359785537629
-0.0140014544859777
-0.00254626514810662
0.00767924998458289
0.0132598214898952
0.0127957848998712
0.00714608751221265
-0.00107126841201909
-0.00857460025347193
-0.0125963096349102
-0.0118232993361655
-0.00672065152282405
0.000738710052034021
0.00787492538864859
0.01224554102878
0.0124758497041065
0.0086350730749441
0.00213345989978146
-0.00485510594839756
-0.010153933802754
-0.0123212886210269
-0.0110606228336818
-0.00724671978003499
-0.00252981497914326
0.00126655400287965
0.00279095446144801
0.00158209353004148
-0.00181635379450501
-0.00611197495299001
-0.00973465049128912
-0.0113969896943633
-0.0105058844884382
-0.00733937506633354
-0.00290077669476465
0.00144095051614108
0.0044321035382054
0.00532923083487195
0.00411962765669822
0.00146680188316581
-0.00154766995939823
-0.00382246434244096
-0.00459806961011746
-0.00369628888312043
-0.0015316476434639
0.00106258260152586
0.00315500500565127
0.00403489624727448
0.00345142338710792
0.00166737813915873
-0.000650744288715068
-0.00268751656384683
-0.00375535822595577
-0.0035252234986035
-0.0021091863594191
-0.00000197202834171242
0.00211549151392277
0.00361028565082524
0.00411202408715045
0.00361211122038876
0.00244487831880822
0.00114169509030524
0.000238704295839039
0.0000848445920831372
0.000737675345583505
0.00195585641900061
0.00330572663665932
0.00431769118629259
0.00465580078745629
0.00422162225256552
0.00318025094545418
0.00188514785392897
0.000752566415362727
0.000113164020457246
0.000111118655431684
0.000664366386419423
0.00151316564736648
0.00231741965348862
0.00278321529262602
0.00275664857883548
0.00227128558009467
0.00151985725122746
0.000780693537874583
0.000311483145887816
0.000264366176754247
0.000635078802466333
0.00127642001789773
0.00195273224133615
0.0024286332316654
0.00254523721276374
0.00227261871994542
0.00170829462539334
0.00103931512168407
0.000469860125392813
0.000154499185901782
0.000146504861687145
0.000390662441419073
0.000747417903241163
0.00105043360411728
0.00116333364237238
0.001028332393152
0.000678668796994548
0.000224711522047736
-0.000191407284015276
-0.000443600014201078
-0.000466849580876177
-0.000273076477569756
0.0000546993751062001
0.00039736842580688
0.000639372063544734
0.000709739788966458
0.000600036267736162
0.000364950815348288
0.000096357528775139
-0.000108480014779077
-0.000183194140523987
-0.000110616154823132
0.0000723039164797815
0.000293270698230095
0.000469688495744018
0.000540276710075025
0.000482803220324607
0.000321837317919538
0.000115537190256373
-0.0000638022000805381
-0.000157162331823959
-0.000135660692859281
-0.0000103569370152844
0.000176314796948259
0.000365000627975365
0.000502701463187116
0.000558195680544172
0.000532942767232224
0.000456094926595488
0.000374272027829555
0.000332168591738328
0.000358944596578724
0.0004570660154153
0.000604793316877238
0.000763129678755933
0.000891939928081377
0.00096184697534125
0.000965331123435245
0.000916156960912846
0.000845137925018053
0.000786931275151145
0.000769853033536566
0.000805140827304733
0.000886112788712258
0.000990152913652864
0.00108926981007463
0.00115849834764455
0.00118589893634077
0.00117421362529701
0.00114051719631985
0.0011078267097313
0.00109829419112664
0.00112404463180434
0.00118505309604208
0.00126829029633644
0.00135433783928207
0.00142281030036908
0.00146068669958321
0.00146471493200835
0.00144321578369604
0.00141101622779246
0.00138533610606005
0.00137837981429095
0.00139491053162564
0.00142982016056848
0.00147195054599758
0.0015070642468959
0.00152433035069838
0.00151859322012507
0.00149315255640014
0.00145688304201707
0.00142218059433933
0.00139928953047552
0.00139422656373506
0.00140577629970964
0.00142759889817195
0.0014494887650738
0.00146227834772575
0.00145965616762042
0.00144126418950733
0.00141120065323474
0.00137744051043056
0.00134766038337923
0.00132774636176432
0.00131874621387502
0.00131794471025057
0.00131892909110201
0.00131514564475371
0.00130108336833113
0.00127521651508367
0.00123923839834499
0.00119839726096649
0.00115847159861421
0.0011248722486916
0.0010998335973308
0.00108294316616004
0.00107047491237508
0.00105793022123541
0.00104064224198989
0.00101639690718486
0.000985043934109338
0.000949396896339666
0.000913095944475583
0.000880268316270244
0.000853113064703999
0.000832215354369047
0.000815493458331149
0.000800011592348543
0.000782100349752143
0.000759579002101547
0.00073148930604587
0.000699260943462012
0.000665179180845146
0.000632463873651103
0.00060324449376405
0.000578814003676593
0.000558396716681019
0.000540447755382575
0.000522398762193755
0.00050248563422343
0.000479474276497901
0.000453911943749704
0.000427004720694346
0.000401006445283722
0.000377565190938234
0.000358023531121764
0.000342168986215991
0.00032921296238151
0.000317292680965364
0.000304966255706879
0.000290881256671285
0.000275006959285582
0.000257773944007642
0.000240664093437076
0.00022486563488452
0.00021164697058687
0.000201163384602747
0.000193230952905312
0.000186671207543947
0.000180525639238385
0.000173641124182088
0.0001658147486157
0.000157084123337394
0.000148426676738095
0.000140656137968668
0.000134871180568853
0.000131360041654425
0.000130257635913828
0.000130813352328733
0.000132394042926884
0.000134001375187585
0.000135312061651549
0.000136058493770033
0.000136779946968447
0.000137906868820946
0.000140274257531086
0.000144139497899455
0.000149776894399126
0.00015672159621696
0.000164613868172006
0.000172663583496287
0.000180578560663699
0.000187990205234664
0.000195208123576807
0.000202438038557117
0.00021033520749859
0.000219128056800063
0.000229177462879529
0.000240229391559036
0.000252142923165834
0.000264322196325824
0.000276541752806197
0.00028839647266845
0.000300034615692723
0.000311473858467896
0.000323177815357168
0.000335277238156493
0.000348112762846093
0.000361519734803956
0.000375475413058218
0.000389518992773118
0.00040348859880795
0.000416985716027409
0.000430071525914699
0.000442652248255104
0.000455060451135114
0.000467357721229485
0.000479865203014453
0.000492488825063734
0.000505307134310636
0.000517992453320129
0.000530472402984729
0.000542404118726352
0.000553826326979209
0.000564593832308676
0.000574950482423256
0.000584899235462209
0.000594722221034639
0.000604350792814242
0.000613911217993212
0.000623159223560309
0.000632081102204442
0.000640379517184214
0.00064808149620636
0.000655010148559372
0.000661341168958157
0.000667028125185734
0.000672310864578473
0.000677129598991322
0.000681638519278821
0.000685660297460727
0.000689237687891615
0.000692132068284103
0.000694388528107247
0.000695835688250682
0.00069661941091897
0.00069667204481492
0.000696206288828401
0.000695169810356498
0.00069373292216347
0.000691766972801489
0.000689355890679425
0.00068631002699186
0.000682692419506367
0.000678342289226323
0.000673383788645794
0.000667731597627872
0.000661568684254336
0.00065483797689289
0.00064770835346954
0.000640078978523149
0.000632058208308755
0.000623494776429325
0.000614469422693711
0.000604839080351111
0.000594719625964
0.000584021313959698
0.000572908452964205
0.000561323529298256
0.000549433268925249
0.000537158643736885
0.000524626139126179
0.000511717299427886
0.000498529634521618
0.000484939757461695
0.000471060571715651
0.00045680203231975
0.000442311909782835
0.000427528614611056
0.000412608796678074
0.000397482376837903
0.000382280334706005
0.000366903502539058
0.000351456701874397
0.000335830084179828
0.000320132149861667
0.000304272646088811
0.000288384161946999
0.00027240020829021
0.000256465080375645
0.000240512365304516
0.000224671930726562
0.000208857855657964
0.000193178809708375
0.000177536772495614
0.000162037333822945
0.000146592195682972
0.000131321680347226
0.000116155075716992
0.000101223298641052
0.0000864591669868244
0.0000719856537447927
0.0000577226039324391
0.0000437760775986474
0.000030053990612686
0.000016655546128495
0.00000349170310979478
-0.00000933070915886454
-0.0000218886636738651
-0.0000340668208823902
-0.0000459371551853559
-0.0000573878590455688
-0.0000684985263584582
-0.0000791696843939113
-0.0000894908214252184
-0.0000993701568506618
-0.000108897598386159
-0.000117978267307411
-0.000126694206734765
-0.000134944296660645
-0.000142805503772206
-0.000150177820944421
-0.00015714230397274
-0.000163607764118933
-0.000169663111030912
-0.00017522474528862
-0.000180384003065737
-0.000185057344915052
-0.000189331649885984
-0.000193119468050935
-0.000196503357956844
-0.00019939583777668
-0.000201881216959861
-0.000203877973941943
-0.000205476054377574
-0.000206600427327217
-0.000207343898037243
-0.000207632944943569
-0.000207557899196382
-0.000207042844253521
-0.000206174407637657
-0.000204875907089577
-0.000203234018318945
-0.000201175690055568
-0.000198791153555096
-0.00019601241251994
-0.000192932255209327
-0.000189484765178983
-0.000185761491537536
-0.000181695276422491
-0.000177374693556788
-0.000172731626160552
-0.000167853749353445
-0.000162674973731213
-0.000157284893619
-0.000151621084763936
-0.000145775034213115
-0.000139686347659399
-0.000133445819277773
-0.000126992429378598
-0.000120414457966879
-0.00011364977534191
-0.000106785068730492
-0.0000997589555385321
-0.0000926586203466759
-0.0000854249605396603
-0.000078146141113379
-0.0000707646180002851
-0.0000633679325985292
-0.0000558981623137374
-0.0000484406364898341
-0.0000409362804885066
-0.0000334684632556912
-0.0000259780313262794
-0.0000185478683070014
-0.0000111200398557096
-0.00000377763545138373
0.00000353622021873088
0.00001073913034592
0.0000178882398230957
0.0000249031199618204
0.0000318420212028056
0.0000386266204675975
0.000045315756803717
0.0000518322579377818
0.0000582345563364922
0.0000644459330950296
0.0000705242739989146
0.0000763937357830955
0.0000821124990476134
0.0000876065339616741
0.0000929350584142372
0.000098026151467934
0.000102939877343485
0.000107605830314806
0.000112084182021295
0.000116305404139458
0.000120329475420024
0.0001240878450446
0.000127640761641517
0.000130921275699339
0.000133990488299227
0.000136783374675423
0.000139361878067073
0.000141662557832875
0.000143747682640015
0.000145554867820699
0.000147146363830377
0.000148460763139864
0.000149560506820067
0.000150385544336451
0.000150998928539985
0.000151342254365985
0.000151479261532377
0.000151353011255861
0.000151027581576093
0.000150447081381526
0.000149675590951138
0.000148658090185337
0.000147458696980084
0.000146023450471009
0.000144416773616365
0.000142585980450321
0.000140595892257973
0.000138395009171548
0.000136048320961285
0.000133505194255378
0.000130830490310557
0.000127974231139816
0.000125001087502915
0.000121861798652495
0.000118620996665108
0.000115230285883863
0.000111754348849942
0.000108145621872012
0.000104468697071234
0.000100676612698578
0.0000968336305448722
0.0000928931867881742
0.0000889191068844187
0.000084865210054833
0.0000807949554591658
0.0000766626346473436
0.0000725314112949556
0.0000683560437281153
0.0000641993188438724
0.0000600163026626414
0.0000558692225534544
0.0000517132754833537
0.0000476100135102705
0.0000435147116083972
0.0000394882666219825
0.0000354860803649184
0.000031568449722178
0.0000276909151901807
0.000023913137754753
0.0000201906986185604
0.000016582498977646
0.0000130440261413104
0.00000963332209181882
0.00000630572115329863
0.00000311840482485806
0.0000000265820632108102
-0.0000029133793576071
-0.0000057463712197363
-0.00000841684152200761
-0.0000109698314697781
-0.0000133506770891098
-0.0000156046595077123
-0.0000176780744414673
-0.0000196164924583692
-0.0000213671747137119
-0.0000229759619384949
-0.0000243910375482353
-0.0000256584780141896
-0.0000267273660430855
-0.0000276440241350774
-0.0000283584623296628
-0.0000289172972867751
-0.000029271505908971
-0.0000294680285170803
-0.0000294588063562846
-0.0000292910821768478
-0.0000289177162707998
-0.0000283862096691457
-0.0000276502995807301
-0.0000267577260714665
-0.0000256630958707021
-0.000024414400320605
-0.0000229671248383161
-0.000021369519568939
-0.0000195779343108216
-0.0000176408509521842
-0.000015515435296434
-0.0000132503511910429
-0.0000108035264430069
-0.00000822376847371669
-0.00000546973577549844
-0.00000259036527499265
0.000000454968103392005
0.00000361720867912234
0.0000069362904284348
0.000010363071279748
0.0000139368442893291
0.0000176084332087298
0.0000214165492651693
0.0000253120306059408
0.0000293330519450939
0.0000334304964754289
0.0000376420321338108
0.0000419186102787309
0.0000462974244659544
0.0000507295289483446
0.0000552516915770736
0.0000598151192138789
0.0000644562113940042
0.0000691263776241538
0.0000738616980891067
0.0000786138218105526
0.0000834185455110777
0.0000882277849875552
0.0000930770868577859
0.0000979186657632807
0.000102787860471595
0.000107637226676361
0.000112501944732013
0.000117334955150707
0.00012217132442012
0.000126964412169694
0.000131749204830228
0.000136479505958077
0.000141190250242478
0.000145835709937214
0.000150450800196197
0.000154990292713047
0.000159489120012261
0.00016390258528387
0.000168265672701564
0.000172534242416286
0.00017674335525057
0.000180849445049207
0.000184887668140652
0.000188815045660745
0.000192666848616386
0.000196400701621077
0.000200052011974339
0.000203579025237229
0.000207017304689347
0.00021032572928706
0.000213540031340915
0.000216619728111243
0.000219600727438325
0.000222443185907961
0.00022518319172148
0.000227781541891931
0.000230274511002664
0.000232623538418317
0.000234865089723038
0.000236961245122153
0.000238948660911145
0.000240790050832391
0.000242522255985539
0.000244108612132841
0.000245586136601191
0.000246918774966245
0.000248143712581336
0.000249225492576204
0.00025020145973174
0.000251036740542702
0.00025176882678862
0.000252363410262871
0.000252858113128612
0.000253219170716733
0.000253484316605311
0.000253620306767919
0.000253664967189516
0.000253585551966519
0.00025341996035026
0.000253135921243789
0.000252771386329731
0.00025229453349193
0.000251743343060109
0.000251086413702539
0.00025036172905625
0.000249538279398251
0.000248654026496329
0.000247678323955799
0.000246649086738844
0.000245536003822002
0.000244376918312612
0.000243141825262894
0.000241868469620882
0.000240527122244851
0.000239155402586282
0.000237723827057311
0.000236269862777184
0.00023476424251064
0.000233244255639222
0.0002316808230431
0.000230111031745741
0.000228505962751096
0.000226902476035085
0.000225271784942287
0.000223650497829692
0.000222009932976445
0.000220386423726589
0.000218751367699562
0.000217140801337221
0.00021552617782801
0.00021394321640157
0.000212363403302896
0.000210822121373157
0.000209290868045491
0.000207804671633689
0.000206335020164132
0.000204916570753291
0.000203520783378407
0.000202181929236366
0.000200871423849264
0.000199623139747307
0.000198408433456041
0.000197260767765111
0.000196151427086616
0.000195113454845988
0.000194118051710956
0.000193197833932928
0.000192323908761618
0.000191528459643715
0.000190782492987337
0.000190117755751152
0.00018950514838092
0.000188975979401294
0.000188501039699281
0.000188111199323505
0.000187777137450051
0.000187529287207127
0.000187338215913522
0.00018723392314551
0.000187186866380953
0.000187226616883475
0.000187323525972535
0.000187506743782325
0.000187746520776092
0.000188071594397964
0.000188452120886231
0.000188916435040077
0.000189434606943949
0.000190034580037326
0.000190686348067906
0.000191417475970806
0.000192197892274411
0.000193054797513353
0.000193958067321277
0.000194934553024915
0.000195954090605082
0.000197043198301286
0.000198171686515749
0.00019936575732344
0.000200595210766357
0.000201885950532813
0.000203207782217676
0.000204586329657264
0.000205991420561253
0.000207448417831753
0.000208927188196919
0.000210452852982666
0.000211995335152602
0.000213579533936278
0.000215175445826572
0.000216807767826882
0.000218446587608854
0.000220116419672751
0.000221787460487533
0.000223484061637622
0.000225176545765982
0.000226889120987587
0.000228592253120063
0.000230310025695798
0.000232013064484047
0.000233725346932728
0.000235417675029818
0.000237113938121353
0.000238785130091703
0.000240455069563822
0.00024209495715759
0.000243728557447365
0.000245327291793745
0.000246914886414651
0.000248462996685173
0.000249995325135425
0.00025148377360576
0.00025295203462829
0.000254372267849118
0.000255768168609699
0.000257112164560131
0.000258427965435765
0.000259688275997988
0.000260916830851498
0.000262086619628678
0.000263221411055903
0.000264294486485711
0.000265329656702686
0.000266300500263381
0.000267230876693735
0.00026809466621442
0.000268915782521682
0.000269668410424555
0.000270376522027854
0.000271014608400974
0.000271606703007891
0.000272127603738911
0.000272601407126489
0.000273003217041524
0.00027335719353028
0.000273638744699948
0.000273872093238829
0.000274032948423151
0.00027414559366441
0.000274186035099292
0.000274178613862752
0.000274099627607817
0.000273973470944931
0.000273776726863399
0.000273533838283894
0.000273221666029869
0.000272864695358639
0.00027244005669034
0.000271972270464272
0.00027143872776469
0.000270863976201805
0.000270225657597576
0.000269548338347601
0.000268809900259785
0.000268034919193054
0.000267201505919252
0.000266334235770001
0.000265411436689115
0.000264457673176525
0.000263451478156321
0.000262417394313916
0.000261334147074948
0.000260226246191849
0.000259072596557271
0.000257897663659592
0.000256680518834874
0.000255445571543579
0.000254172046459999
0.000252884285365906
0.000251561652990477
0.000250228411663877
0.000248864053095095
0.000247492748405009
0.00024609410330297
0.000244692186252748
0.000243266703975162
0.000241841611150149
0.000240396702918423
0.000238955809150619
0.000237498801392
0.000236049373950534
0.000234587462894224
0.000233136617034686
0.000231676825673165
0.000230231482372151
0.000228780618825974
0.000227347464417584
0.000225912083107046
0.000224497531530496
0.000223083896499339
0.000221694054013778
0.000220308104912789
0.000218948737568288
0.000217596058636898
0.000216272562613374
0.000214958354663143
0.000213675729595567
0.000212404784792325
0.000211167610528634
0.000209944290660206
0.000208756707014529
0.000207584924956467
0.000206450614754649
0.000205333819211729
0.000204255994797893
0.000203197158577573
0.000202178551592272
0.000201180162937365
0.000200223017669818
0.000199287075255047
0.000198393144934777
0.000197521156139123
0.000196691703007063
0.000195884685125169
0.000195120483426237
0.000194378968528233
0.000193680310646527
0.00019300435313387
0.000192371058953342
0.000191760246480093
0.000191191675384307
0.000190645142241009
0.00019014020810966
0.000189656651648203
0.000189213840376173
0.000188791539554957
0.000188408929138615
0.000188045765799855
0.000187721048411846
0.000187414530629027
0.000187145037035072
0.000186892324370593
0.000186675050162623
0.000186472980592904
0.000186304613957475
0.000186149732623196
0.000186026683696314
0.000185915272768375
0.000185833704103544
0.000185761813827246
0.000185717671918924
0.000185681152522956
0.000185670200076495
0.000185664734452592
0.000185682583115883
0.00018570371966741
0.000185745863360694
0.000185789049139382
0.000185850897119525
0.000185911511261961
0.000185988421189615
0.00018606180760649
0.000186149118326701
0.000186230618341729
0.000186323682021675
0.000186408666081384
0.00018650287979892
0.000186586778431661
0.000186677614395905
0.000186755948427222
0.000186838983374777
0.000186907392346106
0.000186978335883067
0.000187032605364098
0.000187087326304517
0.000187123414026824
0.000187157965356948
0.000187172025141327
0.000187182667582206
0.000187171071675671
0.000187154294830315
0.000187113654607112
0.000187066196498211
0.000186993380713847
0.000186912245391147
0.000186804396574441
0.000186686869243067
0.000186541418183723
0.000186385078492042
0.000186199755971941
0.00018600248896959
0.000185775335883048
0.000185535340577913
0.000185264715517258
0.000184980511582976
0.000184665095736394
0.000184335527885261
0.000183974328702742
0.000183598567878532
0.000183190920226724
0.000182768464052915
0.000182314028080661
0.00018184469885243
0.000181343456783525
0.000180827396603802
0.000180279647898963
0.000179717311973326
0.00017912366547741
0.000178515814305852
0.000177877178955072
0.00017722486778829
0.000176542441771074
0.000175847008651645
0.00017512226638653
0.000174385318913597
0.000173619996744767
0.00017284339673288
0.000172039477366489
0.000171225324489314
0.000170385019808556
0.000169535634020221
0.000168661366894946
0.000167779269596084
0.0001668736546977
0.000165961549165195
0.000165027372824475
0.000164088123613794
0.000163128323031153
0.000162164934974616
0.000161182576749026
0.000160198173297264
0.000159196431749938
0.000158194232946668
0.000157176368043327
0.000156159668408006
0.000155129003453109
0.000154101149959935
0.000153061049435236
0.000152025419205885
0.000150979267006136
0.000149939245508735
0.000148890423122405
0.000147849382875017
0.000146801248150997
0.000145762527617619
0.000144718394261969
0.000143685277677004
0.000142648395149004
0.000141624093001203
0.000140597627694011
0.000139585257929731
0.000138572274773043
0.000137574845354718
0.000136578290737179
0.000135598682970923
0.000134621368765774
0.000133662321758521
0.00013270691052919
0.000131771007161915
0.000130839998581169
0.000129929652621574
0.000129025371262047
0.00012814281578034
0.000127267400378697
0.000126414677687156
0.000125570071677982
0.000124749024776308
0.000123936968453391
0.000123149233675196
0.0001223712577552
0.000121618259200599
0.000120875679919753
0.000120158625351054
0.000119452540910695
0.000118772418957677
0.000118103707706273
0.000117461286710113
0.000116830606709927
0.000116226434948339
0.000115634224824109
0.000115068632242186
0.00011451511369678
0.000113988214951454
0.000113473396420874
0.00011298509534228
0.000112508777118482
0.000112058772352006
0.00011162055283847
0.000111208344733226
0.000110807628054001
0.00011043252682055
0.000110068531213463
0.000109729666032838
0.000109401433641109
0.000109097762674264
0.000108804170209804
0.00010853449166308
0.000108274261629376
0.000108037225685979
0.000107808938642789
0.000107603059925736
0.000107405167524065
0.000107228838138731
0.000107059676295949
0.000106911179862485
0.000106768982831712
0.000106646508104036
0.000106529422773861
0.000106431078524755
0.000106337178795859
0.000106261008183442
0.000106188309777104
0.000106132305218168
0.000106078780524137
0.000106040898251068
0.000106004491008299
0.000105982666004139
0.000105961305849506
0.000105953466364759
0.000105945083220201
0.00010594916482205
0.000105951703133283
0.00010596566272992
0.00010597709497406
0.000105998924226813
0.000106017264206751
0.00010604500247144
0.000106068318012479
0.000106100064705883
0.000106126489459537
0.000106160415757843
0.00010618816073868
0.000106222520451743
0.000106249884583856
0.000106283024326565
0.000106308404157429
0.000106338772829139
0.000106360671378813
0.00010638682852762
0.000106403863445175
0.000106424486825002
0.000106435397365241
0.000106449289537869
0.000106452942741113
0.000106459036783131
0.000106454432672491
0.000106451796711702
0.000106438072289121
0.000106425913349082
0.000106402345935874
0.000106380012420154
0.000106346021721353
0.000106313005181624
0.000106268154502132
0.000106224090245283
0.000106168086624656
0.000106112753557045
0.000106045447128107
0.000105978766347224
0.000105900148442938
0.000105822181228615
0.000105732381961729
0.000105643326628987
0.000105542611371892
0.000105442799354087
0.000105331564382239
0.000105221455707308
0.00010510022307082
0.000104980400759686
0.000104849812626949
0.000104720976557939
0.000104581788582171
0.000104444748619847
0.000104297822902216
0.000104153491662831
0.000103999788974354
0.000103849173703433
0.000103689745377161
0.00010353393963565
0.00010336991897966
0.000103210093711858
0.000103042686996942
0.000102880081520048
0.000102710558574337
0.000102546471127141
0.000102376155911606
0.000102211933946923
0.000102042194823033
0.000101879225368182
0.000101711465237544
0.00010155116495595
0.000101386811540954
0.000101230616910493
0.000101071112816292
0.000100920470427757
0.000100767263495694
0.000100623620297284
0.000100478154071356
0.000100342947909095
0.000100206652179771
0.000100081302768292
0.0000999555845151631
0.0000998414842517274
0.0000997277190259365
0.0000996262245557307
0.0000995257479374781
0.0000994381720184439
0.0000993522717248753
0.0000992798754155081
0.0000992097838271505
0.0000991537692904976
0.0000991006564615353
0.0000990621603071355
0.0000990271275403684
0.0000990072144973544
0.0000989912885129651
0.0000989909460549742
0.0000989950736556007
0.0000990152069403925
0.0000990402503913588
0.0000990816779835787
0.0000991284110282768
0.0000991918612926268
0.0000992609657530933
0.0000993470735958236
0.0000994391368051965
0.0000995484415794784
0.0000996639542920852
0.0000997968979146563
0.00009993625288856
0.00010009317898194
0.000100256670335269
0.00010043782375929
0.000100625646953748
0.00010083117405431
0.00010104342645444
0.00010127337607703
0.00010151005810367
0.000101764383012209
0.000102025400119145
0.000102303959148264
0.000102589123995289
0.000102891684675198
0.000103200720299506
0.000103526962077612
0.000103859505170622
0.00010420902316108
0.000104564628061104
0.000104936937148451
0.0001053150802275
0.000105709619740551
0.000106109704262109
0.000106525842779425
0.00010694720404226
0.000107384245010902
0.000107826155709904
0.000108283342883713
0.000108745019152166
0.000109221542595096
0.000109702149801925
0.000110197151960851
0.000110695811085201
0.000111208393225743
0.000111724187132241
0.000112253415589456
0.00011278539560553
0.000113330308494451
0.000113877500897381
0.000114437114530643
0.000114998527213672
0.000115571842782223
0.000116146471687586
0.00011673248162748
0.000117319317302436
0.000117917011951768
0.000118515045864378
0.000119123419596303
0.000119731650377402
0.000120349707809362
0.000120967147299687
0.000121593909207942
0.00012221958833682
0.000122854097326162
0.000123487071592695
0.000124128397525439
0.000124767752356747
0.000125414997508047
0.000126059853148153
0.000126712157074303
0.000127361673216511
0.00012801821708963
0.00012867159718446
0.000129331607859851
0.000129988103069935
0.000130650856847532
0.000131309769340607
0.000131974595226373
0.000132635281293217
0.000133301563818502
0.00013396343666997
0.000134630618340342
0.000135293150095844
0.000135960733325827
0.000136623456875356
0.000137291005549573
0.000137953515991882
0.000138620656540337
0.000139282611772982
0.000139949033923085
0.000140610155282464
0.000141275612211305
0.000141935684477903
0.000142599992525168
0.000143258863410004
0.000143921901589036
0.000144579480962306
0.000145241189847998
0.000145897448524463
0.000146557828902294
0.000147212796904584
0.000147871907843899
0.000148525672708612
0.000149183629539482
0.000149836333667527
0.000150493305504882
0.000151145143737719
0.000151801350571175
0.000152452567235371
0.00015310827699841
0.000153759162659684
0.000154414687836381
0.000155065575861802
0.000155721269923096
0.000156372532840852
0.000157028786582153
0.000157680832175253
0.000158338069650771
0.00015899133710258
0.000159650011560233
0.000160304967230395
0.000160965557063252
0.000161622690119029
0.000162285694517377
0.000162945512839621
0.000163611447410208
0.000164274473234476
0.00016494386570294
0.000165610631124561
0.000166284017094588
0.000166955059806805
0.000167632978258273
0.000168308837386383
0.00016899182656696
0.000169673038297974
0.000170361631479935
0.000171048725083175
0.00017174344662566
0.000172436940379962
0.00017313830170465
0.0001738386991224
0.000174547195033496
0.000175254981170811
0.000175971086286011
0.000176686724351322
0.000177410889699302
0.000178134817696616
0.000178867467629897
0.000179600095404449
0.000180341624679999
0.00018108333108185
0.000181834102162539
0.000182585232622101
0.000183345573329245
0.000184106437422922
0.000184876638821086
0.000185647508483561
0.00018642782307532
0.000187208930715794
0.000187999570760533
0.000188791108106635
0.000189592244444417
0.000190394361224843
0.000191206122324631
0.000192018925476927
0.000192841396836049
0.000193664950034334
0.000194498173634306
0.000195332497109538
0.000196176471439966
0.000197021541912504
0.000197876222176746
0.000198731973270901
0.000199597271838802
0.00020046359469315
0.000201339381763562
0.000202216125949136
0.000203102230735851
0.000203989205212039
0.000204885417050642
0.00020578239172906
0.00020668846159466
0.000207595168865144
0.000208510811045392
0.000209426947544297
0.000210351841608689
0.000211277070211652
0.000212210863137199
0.000213144815196729
0.000214087123419689
0.00021502940112783
0.000215979813168029
0.000216929991931898
0.000217888070845643
0.000218845701919257
0.000219810988024916
0.00022077560126949
0.000221747614747086
0.00022271872134702
0.000223696965262423
0.00022467406063198
0.000225658023620037
0.000226640590280045
0.000227629749532975
0.000228617260096284
0.00022961108428363
0.000230603004155712
0.000231600956432687
0.000232596746930373
0.000233598287683459
0.000234597408880981
0.000235601998592417
0.000236603912065333
0.000237611014205462
0.000238615185856729
0.000239624269451719
0.000240630172104931
0.000241640714532284
0.000242647830513564
0.000243659319880049
0.000244667143496046
0.000245679081024738
0.000246687120946055
0.000247699023189641
0.00024870680447842
0.000249718205630277
0.000250725271807566
0.000251735725448178
0.000252741640431146
0.000253750721250232
0.000254755071023836
0.000255762376664194
0.000256764770663694
0.000257769922970019
0.000258769995548841
0.000259772641753854
0.000260770053330711
0.00026176986720789
0.000262764305030104
0.000263760987724514
0.000264752166793453
0.000265745447401118
0.000266733110961745
0.000267722747008766
0.000268706666867905
0.000269692444591704
0.00027067242132995
0.000271654155681709
0.000272630018592458
0.000273607553215309
0.000274579160047916
0.000275552366908326
0.000276519603545449
0.000277488382377762
0.000278451162211341
0.000279415440018267
0.000280373703226053
0.000281333433243169
0.00028228714591892
0.000283242306829323
0.000284191459914229
0.000285142054633794
0.00028608666264439
0.000287032717111238
0.000287972816922938
0.000288914378717661
0.000289850028124482
0.000290787164901036
0.00029171844102891
0.000292651239066148
0.000293578236758393
0.000294506799179616
0.000295429629299703
0.000296354074345681
0.000297272862012978
0.000298193321247059
0.000299108203951635
0.000300024820443816
0.000300935946182308
0.000301848872548
0.000302756398011569
0.000303665794496095
0.000304569883047429
0.000305475915736107
0.000306376735471128
0.000307279574245708
0.000308177296253654
0.000309077112946482
0.000309971909217679
0.00031086887571492
0.000311760917525233
0.00031265520395327
0.000313544659877637
0.00031443643289063
0.000315323467118998
0.000316212888129329
0.000317097658803388
0.000317984882374746
0.000318867540006408
0.00031975271230203
0.000320633398228255
0.00032151665550611
0.000322395500555084
0.000323276967877697
0.000324154090945402
0.000325033880888672
0.000325909387808817
0.000326787599314457
0.000327661581767323
0.000328538299112643
0.000329410833693222
0.000330286125566634
0.000331157272856676
0.000332031191669165
0.0003329009955458
0.000333773576701408
0.000334642063843699
0.00033551332516194
0.000336380504465621
0.000337250445907872
0.000338116308251162
0.000338984911610272
0.000339849429604858
0.000340716658339107
0.000341579786240029
0.000342445585574074
0.000343307259371046
0.000344171556280483
0.0003450316939502
0.000345894397414767
0.000346752899113782
0.000347613900605946
0.000348470649095032
0.000349329822925908
0.00035018468417429
0.000351041888120209
0.000351894711850791
0.000352749787844485
0.000353600408286387
0.000354453183200418
0.000355301419930162
0.000356151706383049
0.00035699736522408
0.000357844962575022
0.000358687836580362
0.000359532531929473
0.000360372402449985
0.000361213971701309
0.000362050609428941
0.000362888818474811
0.000363721984691911
0.000364556590534741
0.000365386038337227
0.000366216790334928
0.000367042265696392
0.000367868906958292
0.000368690150122563
0.000369512418616425
0.00037032916542685
0.000371146795190475
0.000371958778384358
0.000372771501057342
0.000373578451408881
0.000374385997388028
0.000375187645115539
0.000375989744841583
0.000376785820826461
0.000377582206052023
0.000378372443135568
0.000379162848100716
0.000379946982238296
0.000380731144947221
0.000381508916357597
0.000382286579692701
0.000383057734049893
0.000383828646799897
0.000384592936284301
0.000385356854257308
0.000386114038517087
0.000386870725539219
0.000387620572684455
0.000388369801432668
0.000389112088890397
0.000389853641813338
0.00039058815714971
0.000391321827179394
0.000392048368828928
0.000392773960085353
0.000393492337956064
0.000394209666412409
0.000394919702495359
0.000395628596368414
0.000396330125230487
0.000397030425561625
0.000397723294692097
0.000398414855564021
0.000399098925765504
0.000399781614677094
0.000400456760134247
0.000401130458159643
0.000401796566718613
0.000402461168612692
0.000403118141732147
0.000403773555791826
0.000404421308691543
0.000405067456822843
0.000405705918101422
0.000406342735697463
0.000406971847285361
0.000407599282879771
0.000408218999763902
0.000408837014799544
0.000409447304642398
0.000410055873026364
0.000410656715825403
0.000411255823461183
0.000411847211004251
0.000412436855404894
0.000413018790637758
0.00041359898026199
0.000414171476956696
0.000414742230554905
0.00041530531234877
0.000415866658478084
0.000416420358332523
0.000416972334405981
0.000417516693981645
0.000418059345601748
0.000418594414295419
0.000419127794537624
0.000419653628827041
0.000420177797339626
0.000420694459887868
0.000421209482203203
0.000421717040992345
0.000422222987514199
0.000422721515131665
0.000423218460377526
0.000423708033076133
0.000424196054863537
0.00042467675165658
0.000425155930201305
0.00042562783217027
0.000426098249166823
0.000426561438545236
0.000427023176546223
0.000427477735841627
0.000427930877235465
0.00042837688858276
0.000428821515017541
0.000429259059243155
0.000429695250736092
0.000430124406718804
0.000430552240975004
0.000430973085031258
0.000431392636680697
0.000431805241769461
0.000432216581943873
0.000432621016978867
0.000433024212519582
0.000433420542040078
0.000433815655009705
0.000434203938501415
0.000434591025646407
0.000434971317023891
0.000435350429430441
0.000435722776765412
0.000436093959411389
0.000436458404379987
0.000436821695767864
0.000437178273530996
0.00043753370540644
0.000437882444255799
0.00043823004147989
0.0004385709626299
0.000438910742836347
0.000439243860372612
0.000439575834034256
0.000439901154807651
0.000440225325069563
0.000440542848505773
0.00044085921133742
0.000441168929712373
0.000441477473759242
0.000441779372160591
0.000442080078952494
0.000442374135466893
0.000442666979677305
0.000442953165483618
0.000443238115006549
0.000443516394701035
0.000443793410940612
0.000444063742831853
0.000444332781095075
0.000444595117370945
0.000444856127092452
0.000445110414476615
0.000445363339581857
0.000445609519504681
0.00044585429902781
0.00044609230802416
0.000446328876345437
0.000446558646724955
0.000446786934139345
0.000447008394324547
0.000447228327560509
0.000447441402556777
0.00044765290525016
0.000447857517402588
0.000448060510597083
0.000448256579886426
0.000448450982740444
0.000448638427417289
0.000448824157556348
0.000449002894777194
0.000449179869007392
0.000449349815327297
0.000449517950134137
0.000449679022055717
0.000449838234124898
0.00044999034873499
0.000450140555624916
0.000450283631005101
0.000450424751645197
0.00045055870749767
0.00045069066260795
0.000450815420872125
0.000450938133606897
0.000451053618716246
0.000451167015187657
0.000451273154742299
0.000451377164268729
0.000451473889590206
0.000451568445336033
0.000451655691609683
0.000451740730960484
0.000451818437846485
0.000451893902844146
0.000451962014711908
0.000452027852342527
0.000452086318738548
0.000452142481239709
0.000452191257157155
0.000452237702310643
0.000452276748439302
0.00045231343992981
0.000452342722849155
0.000452369630340024
0.000452389122818578
0.000452406222143435
0.000452415903182004
0.000452423176630266
0.000452423031656852
0.000452420467872637
0.000452410488812186
0.000452398082999274
0.0004523782682675
0.000452356022168184
0.000452326376713013
0.000452294298533399
0.000452254833847421
0.000452212938325168
0.000452163672277315
0.000452111980530966
0.000452052937353254
0.000451991476693183
0.000451922686809391
0.000451851490718206
0.000451772990539731
0.000451692098437589
0.000451603930258909
0.000451513387216842
0.000451415598880625
0.000451315455504377
0.000451208100216669
0.000451098412312578
0.000450981548321592
0.0004508623765886
0.000450736066970991
0.000450607476745146
0.000450471788947273
0.000450333849835509
0.000450188855520644
0.000450041641031819
0.000449887415548468
0.000449731002873055
0.00044956762496756
0.000449402094448668
0.000449229645944167
0.000449055080774162
0.000448873646134892
0.000448690131950322
0.000448499797902453
0.000448307422488701
0.000448108277624938
0.000447907130417067
0.000447699264888871
0.000447489436581347
0.000447272941660656
0.000447054523962109
0.000446829491588888
0.00044660257681405
0.000446369099336731
0.000446133779929133
0.000445891949826819
0.00044564831805344
0.000445398227412455
0.000445146375115599
0.000444888115367351
0.000444628133561368
0.000444361795243334
0.000444093773840961
0.000443819446111756
0.000443543473703405
0.00044326124426916
0.000442977407700476
0.000442687362490732
0.000442395746644692
0.000442097969564517
0.000441798657295304
0.000441493229998302
0.000441186301737275
0.000440873303479418
0.000440558837225409
0.000440238344596169
0.000439916415696762
0.000439588502621726
0.0004392591835833
0.00043892392109271
0.000438587281542048
0.000438244737849017
0.000437900844415787
0.00043755108462764
0.000437200000989274
0.000436843087202677
0.000436484873991798
0.000436120865292453
0.00043575558001689
0.000435384532410349
0.000435012229655954
0.000434634196149728
0.000434254927430646
0.000433869958141386
0.000433483772132225
0.000433091914254712
0.000432698856781894
0.000432300154766781
0.000431900268933616
0.000431494764570884
0.000431088090942985
0.000430675823511735
0.000430262400177407
0.000429843406640638
0.000429423269434818
0.000428997584530211
0.000428570767241284
0.000428138423707211
0.000427704958179691
0.000427265986971037
0.000426825903303287
0.00042638033384349
0.000425933660737819
0.000425481520966971
0.000425028285862008
0.000424569602663532
0.000424109831883991
0.000423644631192951
0.00042317835038938
0.000422706657430667
0.000422233891586737
0.000421755731203824
0.000421276505034837
0.00042079190185289
0.000420306240025422
0.000419815218665306
0.000419323145958093
0.000418825731393908
0.00041832727289699
0.000417823490599874
0.000417318672184232
0.000416808548273645
0.000416297396581146
0.000415780958232542
0.000415263500916341
0.000414740776390038
0.000414217042484331
0.000413688061460709
0.00041315808137169
0.000412622875054325
0.000412086680854226
0.000411545282220353
0.000411002907829009
0.000410455351734787
0.000409906833019742
0.000409353156389358
0.00040879853139539
0.000408238773279775
0.000407678082310676
0.000407112284171393
0.000406545569790059
0.000405973775543103
0.00040540108288833
0.000404823338812764
0.000404244715600455
0.000403661070693706
0.000403076567141883
0.000402487073038612
0.000401896742127808
0.000401301453088171
0.000400705350496067
0.000400104323501731
0.000399502507622648
0.000398895802397645
0.000398288334318633
0.00039767601332609
0.000397062956834835
0.00039644508515101
0.000395826506691682
0.000395203152158023
0.000394579120782603
0.000393950353712304
0.000393320941097273
0.000392686834353079
0.000392052114597012
0.000391412743451535
0.000390772793088804
0.000390128235204484
0.000389483132987879
0.000388833468198438
0.000388183295080015
0.000387528605397718
0.000386873444368464
0.000386213813725412
0.000385553749667717
0.000384889263818003
0.000384224383394447
0.000383555129857215
0.000382885521323663
0.000382211589044262
0.00038153734214274
0.000380858821475422
0.000380180027202282
0.00037949700975623
0.000378813760190252
0.000378126338554112
0.000377438726763806
0.000376746994370931
0.000376055114197716
0.000375359165183381
0.000374663111090422
0.000373963040106022
0.000373262906868722
0.000372558808895767
0.00037185469163557
0.000371146661795415
0.000370438655713971
0.000369726789174684
0.000369014989255979
0.00036829938091357
0.000367583882081713
0.000366864626559521
0.000366145523138314
0.000365422714724164
0.000364700100477358
0.00036397383236755
0.000363247800601512
0.000362518165715565
0.000361788808679721
0.000361055898496303
0.000360323307418734
0.000359587213021476
0.000358851478006438
0.000358112288825983
0.00035737349897388
0.000356631303284337
0.000355889546147113
0.000355144431001684
0.000354399792836761
0.000353651843678627
0.0003529044093022
0.000352153710086926
0.000351403562680105
0.000350650195821459
0.000349897417006927
0.000349141463232239
0.000348386132916548
0.000347627671344634
0.000346869867708099
0.000346108975688468
0.000345348775328644
0.000344585528459484
0.000343823006120987
0.000343057478335029
0.000342292707056018
0.000341524970472924
0.000340758021547959
0.000339988146670821
0.000339219089678272
0.000338447145186954
0.000337676048083352
0.000336902101035388
0.000336129030090458
0.000335353145953786
0.00033457816576726
0.000333800408442901
0.000333023582166815
0.000332244013949131
0.000331465403194213
0.000330684085042038
0.00032990375001767
0.000329120741408448
0.0003283387410142
0.000327554100175426
0.000326770492075859
0.000325984275979012
0.000325199116563945
0.00032441138114287
0.000323624725821636
0.000322835525914996
0.000322047428980359
0.000321256818554652
0.000320467333561058
0.000319675365641291
0.000318884545342746
0.000318091272265695
0.000317299168632102
0.000316504642153114
0.000315711306634209
0.000314915577932328
0.000314121061489483
0.000313324181282187
0.000312528534509482
0.00031173055322804
0.000310933826460986
0.000310134794289154
0.000309337037591864
0.000308537004608416
0.000307738268053108
0.00030693728422191
0.000306137617866831
0.000305335733265572
0.000304535187179374
0.000303732452040266
0.000302931076568667
0.000302127541219022
0.000301325386944965
0.000300521102126495
0.000299718219850246
0.000298913236647758
0.000298109677676949
0.000297304047502508
0.000296499863573573
0.000295693638409342
0.000294888881685566
0.000294082114045724
0.000293276837350497
0.000292469580228121
0.000291663836912145
0.000290856144025184
0.000290049988056257
0.000289241913686978
0.000288435399750923
0.000287626998827747
0.00028682018220092
0.000286011510393689
0.000285204447088675
0.000284395560715703
0.000283588307364623
0.000282779263413178
0.000281971877409892
0.000281162733552035
0.000280355272928714
0.000279546087498445
0.000278738610871818
0.000277929442894901
0.000277122009584468
0.000276312918614601
0.000275505588539663
0.000274696634758851
0.000273889468386719
0.00027308071252151
0.000272273770789337
0.000271465274039753
0.00027065861847529
0.000269850442473444
0.000269044134891556
0.000268236341774038
0.000267430444392228
0.000266623096499942
0.000265817671921334
0.000265010831874944
0.000264205942862114
0.000263399673549472
0.000262595383032782
0.000261789747442339
0.000260986118475605
0.000260181179684325
0.000259378275314934
0.000258574096390336
0.000257771979661376
0.000256968623489184
0.000256167357303912
0.00025536488673363
0.000254564533808796
0.000253763011363716
0.000252963634094152
0.000252163122051809
0.000251364782476674
0.00025056534269048
0.000249768102502559
0.000248969796316352
0.000248173716630793
0.000247376604914823
0.000246581746260192
0.00024578588924181
0.000244992311562137
0.000244197768784333
0.000243405531240304
0.000242612361508644
0.000241821522512894
0.000241029783819217
0.000240240400968968
0.000239450150384293
0.000238662280302179
0.000237873574062487
0.000237087272430173
0.000236300165708167
0.000235515487278051
0.000234730034204359
0.000233947032598484
0.000233163286282718
0.000232382014028058
0.000231600026418873
0.000230820534920741
0.00023004035684874
0.000229262696329095
0.00022848437742211
0.000227708596925323
0.000226932185592158
0.000226158332939489
0.00022538387637349
0.000224611998130195
0.000223839542306494
0.000223069683794525
0.000222299273325902
0.00022153147870555
0.000220763157014683
0.000219997469014796
0.00021923127836975
0.000218467738491745
0.000217703719762302
0.00021694236835139
0.000216180561188356
0.000215421437283061
0.000214661880097343
0.000213905021543681
0.000213147751515977
0.000212393194924558
0.000211638248109469
0.000210886028881241
0.000210133440082842
0.000209383592497255
0.000208633395432374
0.00020788595260855
0.000207138179871293
0.000206393173852046
0.000205647856913752
0.000204905318726661
0.00020416248802551
0.0002034224476363
0.000202682132677451
0.000201944619038899
0.000201206848328765
0.000200471889522404
0.000199736690644936
0.000199004313793276
0.000198271713483716
0.000197541945006722
0.000196811969100553
0.000196084834455605
0.000195357508174389
0.000194633032109144
0.000193908379825659
0.000193186586438398
0.000192464631909783
0.000191745544575688
0.000191026310882727
0.000190309952434565
0.000189593462072039
0.000188879854791774
0.000188166129690836
0.000187455295296017
0.000186744356986652
0.00018603631670224
0.000185328186208199
0.00018462296088615
0.000183917658832387
0.000183215268911033
0.000182512815547857
0.000181813281096211
0.000181113696368468
0.000180417037179205
0.000179720340709891
0.000179026576333672
0.000178332787454736
0.000177641937111221
0.000176951075027733
0.000176263157783513
0.000175575241427653
0.000174890276116593
0.000174205324223385
0.000173523329569523
0.000172841360757893
0.000172162355324866
0.000171483388065982
0.000170807390272679
0.000170131442935756
0.0001694584710665
0.000168785561936434
0.000168115634192239
0.000167445781382566
0.000166778915911581
0.00016611213748616
0.000165448352322677
0.000164784666243084
0.000164123979329392
0.000163463403553628
0.000162805832667311
0.000162148384947822
0.000161493947934286
0.000160839645974394
0.000160188360454175
0.000159537221865821
0.00015888910542053
0.000158241147659068
0.00015759621770943
0.000156951458159363
0.000156309732000244
0.000155668187865488
0.000155029682636188
0.00015439137096469
0.00015375610365256
0.000153121041291139
0.000152489028652439
0.00015185723231172
0.000151228490887647
0.000150599976979686
0.000149974523105941
0.000149349307808294
0.000148727157548252
0.000148105256787456
0.000147486425868433
0.000146867855193284
0.00014625235910344
0.000145637133760575
0.000145024987597539
0.000144413122527113
0.000143804340927763
0.000143195850649745
0.000142590447967795
0.000141985346518919
0.000141383336582692
0.000140781637674036
0.000140183033909075
0.000139584750597526
0.000138989565952424
0.000138394710878717
0.000137802957735157
0.000137211543077073
0.000136623233224431
0.000136035270502865
0.000135450415262183
0.000134865915399935
0.000134284525440859
0.000133703498820172
0.000133125584134497
0.000132548040500828
0.00013197361051344
0.000131399558898458
0.000130828622322926
0.00013025807112508
0.000129690636042713
0.000129123592929467
0.000128559666660254
0.00012799613861648
0.000127435727795762
0.000126875721074267
0.000126318831598911
0.000125762351771265
0.00012520898875234
0.000124656040536537
0.000124106208433239
0.000123556795837026
0.000123010498303136
0.000122464624584064
0.000121921864470468
0.000121379532176864
0.000120840311569902
0.000120301522401836
0.000119765842687175
0.000119230597580037
0.000118698459361977
0.000118166758531137
0.000117638161617386
0.00011711000452435
0.000116584947960947
0.000116060333301331
0.000115538815458957
0.000115017741142845
0.000114499759634035
0.00011398222287031
0.00011346777454718
0.000112953771906068
0.000112442852902835
0.00011193238015681
0.000111424985952505
0.000110918038223253
0.000110414163631472
0.000109910735368978
0.000109410374483426
0.000108910459491668
0.000108413605807876
0.000107917197288829
0.000107423843685641
0.000106930934170747
0.000106441072941636
0.000105951654410084
0.000105465277261487
0.000104979341148736
0.000104496439235236
0.000104013976412269
0.000103534540374294
0.000103055541221242
0.000102579561203166
0.000102104015599458
0.000101631481246629
0.000101159378652038
0.000100690279166555
0.00010022160856261
0.0000997559327500927
0.0000992906827139547
0.0000988284189771293
0.000098366577712875
0.0000979077140809823
0.0000974492694411737
0.0000969937935420451
0.0000965387330591083
0.0000960866323029673
0.0000956349431229931
0.0000951862045827358
0.0000947378736458445
0.0000942924840929609
0.0000938474980492109
0.0000934054440273834
0.0000929637892979539
0.0000925250571055795
0.0000920867198874529
0.0000916512956179071
0.0000912162619117486
0.0000907841314929561
0.0000903523871245713
0.0000899235362894071
0.0000894950668980257
0.000089069481243329
0.0000886442723271453
0.0000882219373212041
0.0000877999742786239
0.0000873808752310833
0.0000869621433299077
0.0000865462654657587
0.0000861307498666563
0.0000857180783254728
0.0000853057640999403
0.0000848962838778747
0.0000844871560234586
0.0000840808521316205
0.0000836748955565306
0.0000832717528416996
0.0000828689524320775
0.0000824689557125808
0.0000820692962362063
0.00008167243031774
0.0000812758965077468
0.0000808821460840986
0.0000804887226215835
0.0000800980723660179
0.0000797077438767698
0.0000793201784025819
0.0000789329294803305
0.0000785484333483142
0.0000781642484755166
0.0000777828062016642
0.0000774016699050026
0.0000770232658970558
0.0000766451625966493
0.0000762697813092816
0.0000758946952932977
0.000075522321058329
0.0000751502366667022
0.0000747808537135367
0.0000744117551873417
0.000074045347674234
0.0000736792191679218
0.0000733157712504641
0.0000729525967930138
0.000072592092504165
0.000072231856080877
0.000071874279324369
0.0000715169648024464
0.0000711622994185604
0.0000708078905545968
0.0000704561202583045
0.000070104600730311
0.0000697557091255398
0.0000694070624121929
0.000069061032964406
0.0000687152425188178
0.000068372058528947
0.0000680291075845229
0.000067688752255392
0.0000673486238805808
0.0000670110802723815
0.0000666737574516667
0.0000663390083809353
0.0000660044738727377
0.0000656725020860979
0.0000653407384860401
0.0000650115264831277
0.0000646825162278739
0.0000643560463300278
0.0000640297716658643
0.0000637060260157251
0.0000633824689791118
0.0000630614295313618
0.0000627405719287708
0.0000624222204636495
0.0000621040439476484
0.0000617883619456312
0.0000614728479770062
0.0000611598167768475
0.0000608469465240899
0.0000605365472678087
0.0000602263017414714
0.0000599185152974481
0.0000596108752857069
0.0000593056823434134
0.0000590006284147118
0.0000586980094511999
0.000058395521929199
0.0000580954571681497
0.0000577955162385082
0.0000574979856885868
0.0000572005712132379
0.0000569055547505601
0.0000566106464658539
0.0000563181236488879
0.0000560257010570283
0.0000557356513053567
0.0000554456936779712
0.0000551580962342309
0.0000548705826529774
0.0000545854164715664
0.0000543003259036937
0.0000540175698005397
0.0000537348809506301
0.0000534545135948712
0.000053174204993947
0.0000528962048414387
0.0000526182548737503
0.0000523426002479734
0.0000520669871397951
0.0000517936561744158
0.0000515203580105444
0.0000512493287290413
0.0000509783234373407
0.0000507095737156816
0.0000504408391100049
0.0000501743467327991
0.0000499078605028883
0.0000496436030916342
0.0000493793428589787
0.0000491172979923978
0.0000488552412602274
0.0000485953864058983
0.0000483355106149808
0.0000480778231681047
0.00004782010565213
0.0000475645629994583
0.0000473089811314361
0.0000470555605476893
0.0000468020915753595
0.0000465507703424643
0.0000462993915826466
0.0000460501469327836
0.0000458008356337119
0.0000455536448689387
0.0000453063782316876
0.0000450612186319503
0.0000448159739640935
0.000044572822802825
0.0000443295774334822
0.0000440884120703433
0.000043847143295791
0.0000436079411296395
0.0000433686263944865
0.0000431313648385517
0.0000428939816526922
0.0000426586382088937
0.0000424231641008475
0.0000421897164220409
0.0000419561290627926
0.0000417245548287145
0.0000414928319551938
0.0000412631090380099
0.0000410332285099145
0.0000408053348024787
0.0000405772746596516
0.0000403511881808097
0.0000401249265538015
0.0000399006255774527
0.0000396761406925871
0.0000394536035648154
0.0000392308738513106
0.0000390100790756723
0.000038789083112939
0.0000385700093465744
0.0000383507258872057
0.000038133351957475
0.00003791575994191
0.000037700064837878
0.0000374841433387598
0.0000372701062838616
0.0000370558345581828
0.0000368434349209523
0.0000366307924572967
0.0000364200097465576
0.0000362089761835388
0.000035999790228156
0.0000357903453728324
0.0000355827360979965
0.0000353748600067536
0.0000351688075095424
0.0000349624804519786
0.0000347579650811164
0.0000345531674490519
0.0000343501697696201
0.0000341468821780964
0.0000339453829120598
0.0000337435861967781
0.0000335435662692302
0.0000333432414926179
0.000033144681999465
0.0000329458103273114
0.0000327486926430057
0.0000325512555294296
0.0000323555611475184
0.0000321595401683877
0.0000319652508045513
0.0000317706278062396
0.0000315777253032406
0.0000313844822829562
0.0000311929487851705
0.0000310010678867418
0.000030810885673584
0.0000306203492450825
0.0000304315007455371
0.0000302422913336137
0.0000300547592375056
0.0000298668595363496
0.0000296806266024303
0.0000294940195529463
0.0000293090687432469
0.0000291237374292405
0.0000289400519046487
0.0000287559794867514
0.000028573542598809
0.0000283907124907257
0.0000282095076663345
0.0000280279034244372
0.0000278479143371613
0.0000276675196539361
0.000027488730078866
0.0000273095288358735
0.0000271319226927374
0.0000269538988742
0.0000267774603025227
0.0000266005980298784
0.0000264253112451325
0.0000262495948849256
0.000026075444210798
0.0000259008581977152
0.0000257278282053253
0.000025554357113011
0.0000253824324066375
0.0000252100609549616
0.0000250392263646234
0.0000248679393983652
0.0000246981798527549
0.0000245279623589963
0.000024359262920865
0.000024190100032271
0.0000240224458738521
0.0000238543228456147
0.0000236876993109811
0.0000235206015520954
0.0000233549940817662
0.0000231889070869777
0.0000230243012952543
0.0000228592106994775
0.0000226955923406785
0.0000225314839700868
0.0000223688388467559
0.0000222056986150385
0.0000220440127404026
0.0000218818266951564
0.0000217210862319032
0.000021559840601964
0.0000214000317666995
0.0000212397128671279
0.0000210808221111942
0.0000209214164145329
0.0000207634303107822
0.0000206049244479565
0.0000204478296644648
0.000020290210416494
0.0000201339938275709
0.0000199772481097353
0.000019821896732025
0.0000196660116293327
0.0000195115125808033
0.0000193564753445756
0.0000192028159923076
0.0000190486139958243
0.0000188957818379075
0.0000187424026682402
0.0000185903852911801
0.0000184378167162694
0.0000182866020060292
0.0000181348318886506
0.0000179844078534371
0.0000178334243045582
0.0000176837791217541
0.0000175335704155684
0.0000173846924405888
0.0000172352470686355
0.0000170871248881021
0.0000169384314910935
0.0000167910538624431
0.000016643101257488
0.000016496457176605
0.0000163492344515522
0.0000162033130297257
0.0000160568094994578
0.0000159116000843273
0.0000157658051590182
0.000015621297426942
0.0000154762007759411
0.0000153323844795471
0.0000151879760953084
0.0000150448412304602
0.0000149011111753678
0.0000147586480412575
0.0000146155867021345
0.0000144737857276658
0.0000143313837006902
0.0000141902356060072
0.0000140484836492296
0.0000139079794485092
0.0000137668686423774
0.0000136269994182826
0.0000134865211197744
0.0000133472782911051
0.0000132074239884317
0.0000130687992721798
0.0000129295607087706
0.0000127915459927199
0.000012652915240919
0.0000125155026524082
0.0000123774719664851
0.0000122406539287787
0.0000121032158159339
0.0000119669849674407
0.000011830132204532
0.000011694481426044
0.0000115582070433052
0.0000114231294698649
0.0000112874267280742
0.000011152915774857
0.0000110177781714861
0.0000108838275040716
0.0000107492487887969
0.0000106158522664462
0.0000104818264985966
0.0000103489782590714
0.0000102154996751513
0.0000100831941324989
0.00000995025722193339
0.00000981848899511371
0.00000968608854690156
0.00000955485250365381
0.0000094229834865862
0.0000092922747744618
0.00000916093242731465
0.00000903074638398967
0.00000889992617523975
0.00000877025841059532
0.00000863995606639966
0.00000851080241880592
0.00000838101386355907
0.00000825237037089756
0.00000812309179823324
0.00000799495477355994
0.00000786618259718123
0.000007738548524377
0.00000761027935403784
0.00000748314499221324
0.00000735537567085777
0.00000722873800005208
0.0000071014655552797
0.00000697532173660067
0.00000684854351759456
0.00000672289089391065
0.00000659660434879322
0.0000064714405519061
0.00000634564332826911
0.00000622096616658522
0.00000609565616989429
0.00000597146360889282
0.00000584663896218343
0.00000572292916577626
0.00000559858812576017
0.00000547535950293975
0.00000535150052931061
0.00000522875164157149
0.00000510537337630352
0.00000498310295085851
0.00000486020423388384
0.00000473841118395143
0.00000461599106216614
0.00000449467449314589
0.00000437273208968873
0.00000425189129646417
0.00000413042597228172
0.00000401006035240239
0.00000388907164947585
0.00000376918078507338
0.00000364866834576882
0.00000352925203529555
0.00000340921566747682
0.00000329027381930081
0.00000317071355340378
0.00000305224618406662
0.00000293316213813443
0.00000281516948568173
0.00000269656191459729
0.0000025790443539269
0.00000246091368654288
0.00000234387168460867
0.00000222621848216888
0.00000210965269944087
0.00000199247767700186
0.0000018763888503235
0.00000175969285264284
0.00000164408190312216
0.00000152786586966317
0.00000141273383723372
0.00000129699886704857
0.00000118234693535884
0.00000106709425515337
0.000000952923694692907
0.000000838154648572103
0.0000007244668767967
0.000000610182967188082
0.000000496979485751139
0.000000383182326150809
0.000000270464823584034
0.000000157156061862065
0.0000000449263343722693
-0.0000000678921852347708
-0.000000179632228926798
-0.000000291958547603135
-0.00000040320695337819
-0.000000515038981339031
-0.000000625793608850553
-0.000000737129203330852
-0.000000847387775866247
-0.000000958224650780875
-0.00000106798485717222
-0.00000117832058509825
-0.00000128757997173225
-0.00000139741203607941
-0.00000150616802931734
-0.00000161549382078628
-0.00000172374372564826
-0.00000183256050779816
-0.00000194030158176577
-0.00000204860651862974
-0.00000215583582106018
-0.00000226362599002739
-0.00000237034050831707
-0.00000247761287103415
-0.00000258380955888452
-0.00000269056088964621
-0.00000279623650033349
-0.00000290246362911365
-0.00000300761484626384
-0.00000311331437164705
-0.00000321793779871582
-0.00000332310625125328
-0.00000342719836137211
-0.00000353183220982723
-0.00000363538937275847
-0.00000373948491486557
-0.00000384250346350635
-0.00000394605695108952
-0.00000404853303072826
-0.00000415154060152998
-0.00000425347030044541
-0.00000435592802901417
-0.00000445730732980223
-0.00000455921114204707
-0.00000466003595655536
-0.00000476138168024186
-0.00000486164784201085
-0.0000049624312520944
-0.00000506213444118273
-0.00000516235123016597
-0.00000526148705949108
-0.00000536113279945804
-0.00000545969681573005
-0.00000555876698637641
-0.00000565675464972007
-0.00000575524467757316
-0.00000585265131714806
-0.00000595055652328763
-0.00000604737745919046
-0.00000614469307687742
-0.00000624092349701682
-0.00000633764471929598
-0.00000643327972034318
-0.00000652940159982472
-0.00000662443626696282
-0.00000671995380824773
-0.00000681438316532721
-0.00000690929132281678
-0.00000700311016504925
-0.00000709740389223208
-0.00000719060709983575
-0.00000728428114481139
-0.00000737686350351502
-0.00000746991255759362
-0.00000756186882552718
-0.0000076542876242469
-0.00000774561243127417
-0.00000783739565083615
-0.00000792808352998793
-0.00000801922574942349
-0.00000810927129505324
-0.00000819976699946481
-0.00000828916474631156
-0.00000837900844093154
-0.00000846775281879715
-0.00000855693893014084
-0.00000864502438816029
-0.00000873354734979231
-0.00000882096824692324
-0.00000890882240616653
-0.00000899557311011926
-0.00000908275280189477
-0.00000916882764268329
-0.00000925532719246813
-0.00000934072045104385
-0.00000942653415540622
-0.0000095112401221045
-0.00000959636225116375
-0.00000968037515333138
-0.00000976479997506153
-0.00000984811409166251
-0.00000993183583893868
-0.0000100144454022435
-0.0000100974583104101
-0.0000101793575576709
-0.0000102616558714292
-0.0000103428390380935
-0.000010424416977967
-0.0000105048783010008
-0.0000105857301306088
-0.0000106654638652286
-0.0000107455837998017
-0.0000108245842038935
-0.0000109039665426199
-0.0000109822278607159
-0.0000110608668865022
-0.0000111383834190949
-0.0000112162734475048
-0.0000112930394867346
-0.0000113701748316681
-0.000011446184737233
-0.0000115225597559181
-0.0000115978079283373
-0.0000116734169745103
-0.0000117478977826308
-0.0000118227353463968
-0.000011896443208187
-0.0000119705037339361
-0.0000120434331835575
-0.0000121167111438169
-0.0000121888566904512
-0.0000122613466748801
-0.0000123327028845415
-0.0000124043994980629
-0.0000124749609998353
-0.0000125458588703041
-0.0000126156203791731
-0.0000126857142418186
-0.0000127546704423598
-0.0000128239550667133
-0.0000128921008182967
-0.0000129605710224141
-0.0000130279011596015
-0.0000130955518708303
-0.0000131620612823845
-0.0000132288874835009
-0.0000132945712237527
-0.000013360567893003
-0.0000134254210293111
-0.0000134905833263036
-0.0000135546009735515
-0.0000136189240611316
-0.0000136821014853108
-0.0000137455806210506
-0.0000138079131044288
-0.0000138705436433971
-0.0000139320265411429
-0.0000139938039342442
-0.0000140544327462461
-0.0000141153524786088
-0.0000141751227170432
-0.0000142351804135443
-0.0000142940877518879
-0.0000143532790509523
-0.0000144113192415752
-0.0000144696399444911
-0.0000145268087544859
-0.0000145842547501052
-0.0000146405481179281
-0.0000146971153570621
-0.0000147525292768923
-0.000014808213860312
-0.0000148627444017584
-0.0000149175424497089
-0.0000149711859323781
-0.0000150250936019811
-0.0000150778463397752
-0.0000151308600679365
-0.0000151827183508521
-0.0000152348346562374
-0.0000152857950281961
-0.0000153370104285404
-0.0000153870695197541
-0.0000154373806886248
-0.0000154865352023118
-0.0000155359389406218
-0.0000155841857085964
-0.0000156326788504488
-0.0000156800148281606
-0.0000157275944018789
-0.0000157740166093694
-0.0000158206797375674
-0.0000158661853452026
-0.000015911929204437
-0.0000159565155097962
-0.000016001337429509
-0.0000160450018014907
-0.0000160888992602665
-0.000016131639183233
-0.0000161746097513411
-0.000016216422819942
-0.0000162584641853425
-0.0000162993481897191
-0.0000163404581312765
-0.0000163804109090744
-0.0000164205873350006
-0.0000164596068902076
-0.0000164988478458718
-0.0000165369322695345
-0.0000165752359433662
-0.0000166123834416833
-0.0000166497481178863
-0.0000166859570758071
-0.000016722381147042
-0.0000167576500495414
-0.0000167931320942133
-0.0000168274595275236
-0.0000168619982124012
-0.0000168953829155352
-0.0000169289770578441
-0.0000169614178824109
-0.0000169940664340693
-0.0000170255624181682
-0.0000170572644151916
-0.0000170878147033698
-0.0000171185693727629
-0.0000171481732235451
-0.0000171779799132223
-0.0000172066367222402
-0.0000172354949431393
-0.0000172632042705424
-0.0000172911136166928
-0.0000173178751790549
-0.0000173448354321044
-0.0000173706490530601
-0.000017396660090901
-0.0000174215257904496
-0.0000174465876879873
-0.0000174705055262568
-0.0000174946185143531
-0.0000175175887849868
-0.0000175407531978993
-0.0000175627763470009
-0.0000175849926779728
-0.0000176060692590802
-0.0000176273381784098
-0.000017647468920874
-0.0000176677912050854
-0.0000176869770215844
-0.0000177063536303419
-0.0000177245955243314
-0.0000177430276067209
-0.0000177603267587167
-0.0000177778155837618
-0.0000177941733830625
-0.0000178107203537922
-0.0000178261382841315
-0.00001784174504033
-0.0000178562247696385
-0.0000178708930308907
-0.0000178844364153373
-0.0000178981681150167
-0.0000179107771482817
-0.0000179235743892598
-0.0000179352512059449
-0.0000179471162169061
-0.0000179578632026881
-0.0000179687984087648
-0.0000179786180392346
-0.0000179886259888493
-0.0000179975209555492
-0.0000180066044655428
-0.0000180145775590062
-0.0000180227395492665
-0.0000180297938075283
-0.0000180370373577922
-0.0000180431759803504
-0.0000180495043606892
-0.0000180547307073057
-0.000018060147345113
-0.0000180644649548575
-0.0000180689735122059
-0.0000180723860441607
-0.0000180759903354652
-0.0000180785016726477
-0.0000180812056744451
-0.000018082819891647
-0.0000180846277160768
-0.0000180853490917987
-0.0000180862650369098
-0.0000180860979902744
-0.0000180861266147185
-0.0000180850756848556
-0.0000180842216786608
-0.0000180822916474694
-0.0000180805598738909
-0.0000180777557110422
-0.0000180751511704552
-0.0000180714780226166
-0.0000180680059844923
-0.0000180634691123082
-0.0000180591349819631
-0.0000180537399209241
-0.0000180485492340652
-0.0000180423016514222
-0.0000180362601964896
-0.000018029165915638
-0.0000180222796550011
-0.0000180143447080149
-0.0000180066197560479
-0.0000179978503707971
-0.0000179892929956948
-0.0000179796955550958
-0.0000179703122281448
-0.000017959893319366
-0.000017949690727535
-0.0000179384570725663
-0.0000179274420564151
-0.0000179154005517655
-0.000017903580129291
-0.0000178907378867056
-0.0000178781192404775
-0.0000178644835593587
-0.000017851074037821
-0.0000178366523571357
-0.0000178224595352675
-0.0000178072594919972
-0.0000177922910374359
-0.0000177763204311081
-0.0000177605842854469
-0.0000177438510829219
-0.0000177273552941531
-0.0000177098676567608
-0.0000176926204400476
-0.0000176743867250999
-0.0000176563965007343
-0.0000176374251340372
-0.0000176187005230269
-0.0000175990001874632
-0.0000175795499153555
-0.0000175591294555152
-0.0000175389624269613
-0.0000175178308556396
-0.0000174969561811001
-0.0000174751226223754
-0.0000174535495462417
-0.0000174310234059514
-0.0000174087613141011
-0.0000173855520315657
-0.0000173626105729476
-0.0000173387278231916
-0.0000173151167001435
-0.000017290570311826
-0.0000172662994533518
-0.0000172410994140589
-0.0000172161788809234
-0.0000171903353396185
-0.0000171647753294631
-0.0000171382986040396
-0.0000171121095550669
-0.0000170850100722027
-0.0000170582024926293
-0.0000170304909156462
-0.0000170030755009352
-0.0000169747625642792
-0.0000169467502163466
-0.0000169178468195231
-0.0000168892485233353
-0.000016859765798489
-0.0000168305926622567
-0.0000168005418511315
-0.000016770805193051
-0.000016740197652113
-0.0000167099089467206
-0.0000166787561858181
-0.000016647927049088
-0.0000166162407488075
-0.0000165848828775571
-0.0000165526748678117
-0.0000165208001931497
-0.0000164880824208865
-0.0000164557029621515
-0.0000164224875198742
-0.0000163896154853911
-0.0000163559146177456
-0.0000163225622538713
-0.0000162883883720722
-0.0000162545681476016
-0.0000162199337545574
-0.0000161856582935594
-0.0000161505760196705
-0.0000161158580562216
-0.0000160803406714695
-0.0000160451930317319
-0.0000160092535154867
-0.0000159736891757288
-0.0000159373405365535
-0.0000159013726510972
-0.0000158646280692369
-0.0000158282698739203
-0.0000157911426948705
-0.0000157544075183357
-0.0000157169111816708
-0.0000156798125451814
-0.000015641960582786
-0.0000156045121436501
-0.0000155663182291612
-0.0000155285337006977
-0.0000154900116392037
-0.0000154519049186027
-0.0000154130686504531
-0.0000153746536741677
-0.0000153355172362408
-0.0000152968081441618
-0.0000152573856769182
-0.0000152183966662157
-0.0000151787024402057
-0.0000151394478407398
-0.0000150994962749017
-0.0000150599905012709
-0.0000150197960542749
-0.0000149800536945367
-0.0000149396309543361
-0.000014899666644579
-0.0000148590303512828
-0.0000148188588457244
-0.00001477802378696
-0.0000147376599596057
-0.0000146966410496671
-0.0000146560998692956
-0.0000146149121213398
-0.0000145742086587863
-0.0000145328671685569
-0.000014492016571591
-0.0000144505365688192
-0.0000144095540821773
-0.0000143679508712013
-0.0000143268518589853
-0.000014285140819048
-0.0000142439407097978
-0.0000142021373397224
-0.0000141608516671212
-0.0000141189715178386
-0.0000140776158839279
-0.0000140356746115213
-0.0000139942647427466
-0.0000139522780690482
-0.000013910829719451
-0.0000138688134886932
-0.0000138273425375236
-0.0000137853126151135
-0.000013743834972224
-0.0000137018073424395
-0.00001366033900982
-0.0000136183297404528
-0.0000135768867978267
-0.0000135349119695595
-0.0000134935105806058
-0.0000134515863706136
-0.0000134102427666524
-0.0000133683854064582
-0.0000133271158339748
-0.0000132853416751993
-0.0000132441624605738
-0.0000132024878270648
-0.0000131614154256029
-0.0000131198567318115
-0.0000130789075656188
-0.0000130374813247918
-0.0000129966718736243
-0.0000129553946135091
-0.000012914741445613
-0.0000128736297290835
-0.0000128331494494011
-0.0000127922199136305
-0.0000127519291841415
-0.0000127111984743548
-0.000012671113980902
-0.0000126305988105873
-0.0000125907372640365
-0.0000125504543918058
-0.0000125108325654991
-0.0000124707987319637
-0.0000124314334296658
-0.0000123916655049809
-0.0000123525735354366
-0.0000123130883179765
-0.0000122742865459621
-0.0000122351009051688
-0.0000121966061959977
-0.0000121577370265035
-0.000012119566291021
-0.0000120810304996537
-0.0000120432006486202
-0.000012005015137614
-0.0000119675431218242
-0.0000119297248453761
-0.0000118926275775967
-0.0000118551934998464
-0.0000118184879352438
-0.0000117814549739724
-0.0000117451581071857
-0.0000117085432206977
-0.0000116726720020872
-0.0000116364921705054
-0.0000116010635266484
-0.000011565335717243
-0.0000115303666673633
-0.0000114951077830303
-0.0000114606152336767
-0.000011425842274573
-0.0000113918431809194
-0.0000113575730564036
-0.0000113240843403755
-0.000011290334005274
-0.0000112573725768385
-0.0000112241589017643
-0.000011191741677295
-0.0000111590815572876
-0.0000111272253975037
-0.0000110951357120379
-0.0000110638574667897
-0.0000110323550133546
-0.0000110016715258105
-0.0000109707731229797
-0.0000109407011989795
-0.0000109104236190098
-0.0000108809799508594
-0.0000108513399881916
-0.0000108225413299732
-0.0000107935556285255
-0.0000107654186855306
-0.0000107371039116346
-0.0000107096453066982
-0.0000106820180823397
-0.000010655254400575
-0.0000106283313022053
-0.0000106022791020412
-0.0000105760766404945
-0.000010550752409552
-0.0000105252870522689
-0.000010500707228104
-0.000010475995382415
-0.0000104521763703264
-0.0000104282343586692
-0.0000104051924544705
-0.0000103820366179861
-0.000010359788079945
-0.0000103374346004048
-0.0000103159956483906
-0.0000102944606674891
-0.0000102738474008717
-0.0000102531470530958
-0.000010233375509903
-0.0000102135257932464
-0.0000101946119436985
-0.0000101756287808382
-0.0000101575885552729
-0.0000101394877874392
-0.0000101223369786317
-0.0000101051343996643
-0.0000100888887290841
-0.0000100726000444666
-0.0000100572751739272
-0.0000100419159404903
-0.0000100275274230474
-0.0000100131131658768
-0.00000999967646305112
-0.00000998622259592495
-0.00000997375308997232
-0.00000996127491577407
-0.00000994978786447128
-0.00000993830062091029
-0.00000992781120553359
-0.00000991733000753832
-0.00000990785325498941
-0.00000989839313561528
-0.00000988994402846533
-0.00000988151984000065
-0.00000987411325224277
-0.00000986673981827901
-0.00000986039046746452
-0.00000985408246859771
-0.00000984880496813302
-0.00000984357696480295
-0.00000983938585601841
-0.00000983525226601626
-0.00000983216191779362
-0.0000098291370912173
-0.00000982716173432796
-0.00000982525990045105
-0.00000982441370046948
-0.00000982364889120344
-0.00000982394585457405
-0.0000098243320202383
-0.00000982578603354589
-0.00000982733699161824
-0.00000982996178985471
-0.000009832691193825
-0.00000983650037474938
-0.00000984042180028675
-0.00000984542885287715
-0.000009850555661763
-0.0000098567739077375
-0.00000986311937227801
-0.00000987056199331806
-0.00000987813921055268
-0.00000988681924028252
-0.00000989564117410806
-0.00000990557150150382
-0.00000991565096276006
-0.00000992684430159438
-0.00000993819397467582
-0.0000099506629202747
-0.00000996329526495276
-0.00000997705225387559
-0.00000999097958896615
-0.0000100060368926089
-0.000010021271438724
-0.0000100376411252788
-0.0000100541948754384
-0.0000100718888842238
-0.0000100897737164034
-0.0000101088038208717
-0.000010128031399828
-0.0000101484091830959
-0.0000101689910042664
-0.0000101907279196013
-0.0000102126753138577
-0.0000102357825833909
-0.000010259106757462
-0.0000102835954450809
-0.000010308307336489
-0.0000103341883598754
-0.0000103602987569833
-0.0000103875828216586
-0.000010415102376463
-0.0000104437999871094
-0.0000104727390884928
-0.000010502860618562
-0.0000105332295224166
-0.0000105647850919747
-0.0000105965938695595
-0.0000106295934195072
-0.0000106628519321319
-0.0000106973052334091
-0.0000107320231008977
-0.0000107679397404656
-0.000010804126475586
-0.0000108415157984024
-0.0000108791806362223
-0.0000109180518111409
-0.0000109572038250938
-0.00001099756582366
-0.0000110382138819675
-0.0000110800754526573
-0.0000111222281815788
-0.0000111655979040164
-0.0000112092637551056
-0.0000112541499431565
-0.0000112993371728692
-0.0000113457479594584
-0.0000113924645843855
-0.0000114404078793196
-0.0000114886617094297
-0.0000115381452089519
-0.0000115879438449014
-0.0000116389750799448
-0.0000116903258407884
-0.0000117429120329096
-0.0000117958221377452
-0.0000118499703548258
-0.0000119044466903809
-0.0000119601637478776
-0.0000120162130447696
-0.0000120735055356761
-0.0000121311342832408
-0.0000121900085547126
-0.0000122492229953106
-0.0000123096852364479
-0.0000123704913893172
-0.0000124325474865055
-0.0000124949511568006
-0.0000125586067683248
-0.0000126226135413695
-0.0000126878741452349
-0.0000127534893094012
-0.0000128203601091336
-0.0000128875887821875
-0.0000129560747548852
-0.0000130249217730788
-0.0000130950276653487
-0.000013165497654031
-0.0000132372279722627
-0.000013309325279932
-0.0000133826842681969
-0.0000134564130897098
-0.0000135314047485524
-0.0000136067689522058
-0.0000136833970514466
-0.0000137604002909677
-0.0000138386683861307
-0.0000139173140308051
-0.0000139972253979508
-0.0000140775166305554
-0.0000141590743037325
-0.0000142410140287817
-0.0000143242207790845
-0.0000144078116672807
-0.00001449267002475
-0.0000145779144890773
-0.0000146644267376808
-0.000014751326918728
-0.0000148394951175287
-0.0000149280529086489
-0.0000150178788400937
-0.0000151080959031269
-0.0000151995810761324
-0.0000152914588224141
-0.0000153846045078591
-0.0000154781440686377
-0.0000155729512694456
-0.0000156681535330052
-0.0000157646230375805
-0.0000158614886204932
-0.0000159596209269692
-0.0000160581502021301
-0.000016157945548943
-0.0000162581386417308
-0.000016359596980242
-0.0000164614537776813
-0.0000165645748458419
-0.0000166680948810786
-0.0000167728781604636
-0.0000168780607792496
-0.000016984505502747
-0.0000170913497636769
-0.0000171994548282283
-0.0000173079595681967
-0.0000174177236663068
-0.0000175278874155222
-0.0000176393089513294
-0.0000177511300047633
-0.0000178642071204649
-0.0000179776835014552
-0.0000180924141166646
-0.0000182075435819846
-0.0000183239253034048
-0.0000184407053236371
-0.000018558735507788
-0.000018677163330189
-0.0000187968390879733
-0.00001891691165628
-0.0000190382298178938
-0.0000191599438290857
-0.0000192829009544793
-0.0000194062528712646
-0.0000195308452495047
-0.0000196558312113537
-0.0000197820548866148
-0.0000199086707958723
-0.000020036521539914
-0.0000201647630234378
-0.0000202942363477628
-0.0000204240987778185
-0.0000205551899146035
-0.0000206866683998229
-0.0000208193722983388
-0.0000209524616781162
-0.0000210867730545239
-0.000021221467902531
-0.0000213573811924178
-0.0000214936758023359
-0.0000216311851850028
-0.0000217690736068323
-0.0000219081729750489
-0.0000220476489759341
-0.000022188332000771
-0.0000223293890509501
-0.0000224716491111699
-0.0000226142805045978
-0.0000227581106728266
-0.0000229023093690756
-0.0000230477024966758
-0.0000231934612364304
-0.0000233404099252313
-0.000023487721108163
-0.0000236362176742776
-0.000023785073508485
-0.0000239351100172311
-0.0000240855024139147
-0.00002423707064193
-0.0000243889912570263
-0.0000245420827344714
-0.0000246955230081019
-0.0000248501289758801
-0.0000250050800174235
-0.0000251611915070051
-0.0000253176441665441
-0.0000254752519305623
-0.0000256331968458131
-0.0000257922913554088
-0.0000259517188783399
-0.0000261122903399123
-0.0000262731905550427
-0.0000264352289852823
-0.0000265975916881459
-0.0000267610867978361
-0.0000269249016126223
-0.0000270898427842497
-0.0000272550990408638
-0.0000274214755140698
-0.0000275881622377609
-0.0000277559629565918
-0.0000279240689920502
-0.0000280932825983297
-0.0000282627965036934
-0.0000284334114557326
-0.0000286043215207438
-0.0000287763259968374
-0.0000289486202618853
-0.0000291220021948211
-0.0000292956684701773
-0.0000294704155171192
-0.0000296454413691493
-0.0000298215409469081
-0.0000299979136729316
-0.0000301753530015983
-0.0000303530596218541
-0.0000305318256212087
-0.0000307108529665088
-0.0000308909323132318
-0.0000310712669432704
-0.0000312526461013556
-0.0000314342743356927
-0.0000316169394765248
-0.0000317998474069035
-0.0000319837844905542
-0.0000321679579637617
-0.0000323531527196287
-0.0000325385773084881
-0.0000327250152056288
-0.0000329116762970359
-0.0000330993425820645
-0.0000332872252730191
-0.000033476104991905
-0.0000336651941611452
-0.0000338552720549369
-0.0000340455523929285
-0.0000342368130059827
-0.0000344282689219867
-0.0000346206965787354
-0.0000348133122628571
-0.0000350068910377136
-0.0000352006504761329
-0.0000353953642154576
-0.0000355902511506736
-0.0000357860835000511
-0.0000359820814219816
-0.0000361790157996501
-0.0000363761080236919
-0.0000365741275928651
-0.0000367722972252326
-0.0000369713849316762
-0.0000371706148041949
-0.000037370753425891
-0.0000375710261770334
-0.0000377721982456723
-0.0000379734963020119
-0.000038175684146548
-0.000038377989701249
-0.0000385811754297756
-0.000038784470499256
-0.000038988636018247
-0.0000391929024050689
-0.0000393980293699924
-0.0000396032486598511
-0.0000398093185869858
-0.0000400154721484866
-0.0000402224663255065
-0.0000404295353481403
-0.0000406374348414324
-0.000040845400316085
-0.0000410541860283058
-0.000041263028723202
-0.0000414726813312188
-0.000041682381851975
-0.0000418928818279178
-0.0000421034205837011
-0.000042314748261325
-0.0000425261054203794
-0.0000427382409057882
-0.0000429503965312301
-0.0000431633197312221
-0.0000433762536406126
-0.0000435899443303177
-0.0000438036361317523
-0.000044018073883367
-0.0000442325030765382
-0.0000444476672337392
-0.0000446628131290532
-0.0000448786829111543
-0.0000450945246169169
-0.0000453110790286135
-0.0000455275954926396
-0.0000457448134354208
-0.0000459619834105922
-0.0000461798435583315
-0.0000463976456476521
-0.0000466161265170825
-0.0000468345392016848
-0.0000470536191486626
-0.0000472726206734981
-0.0000474922779063234
-0.000047711846400607
-0.0000479320589505543
-0.0000481521723771685
-0.000048372918165858
-0.0000485935542920792
-0.0000488148110195088
-0.0000490359475772156
-0.0000492576928250391
-0.000049479307252341
-0.0000497015184822549
-0.0000499235881707563
-0.0000501462426681352
-0.0000503687448381991
-0.0000505918197198173
-0.0000508147314839697
-0.0000510382037664406
-0.0000512615020259118
-0.0000514853486339078
-0.0000517090101974011
-0.0000519332078334394
-0.0000521572094002461
-0.0000523817346952075
-0.0000526060527916463
-0.0000528308822532179
-0.0000530554933117094
-0.0000532806032657817
-0.0000535054835977753
-0.0000537308503155706
-0.0000539559761155765
-0.0000541815756992452
-0.0000544069230178605
-0.0000546327314993326
-0.000054858276294185
-0.0000550842695803322
-0.0000553099876931691
-0.0000555361415605142
-0.0000557620087488336
-0.0000559882988869622
-0.0000562142907698704
-0.0000564406927763378
-0.0000566667848894816
-0.0000568932742474915
-0.0000571194420422656
-0.0000573459941338039
-0.0000575722129386337
-0.0000577988030914183
-0.0000580250481594319
-0.0000582516515536273
-0.0000584778980605876
-0.0000587044898425404
-0.0000589307128893862
-0.000059157268068023
-0.0000593834426231556
-0.0000596099361951812
-0.0000598360371981643
-0.000060062444050593
-0.000060288446336757
-0.0000605147412763174
-0.0000607406196412467
-0.0000609667773904725
-0.0000611925065580426
-0.000061418501820233
-0.0000616440564141428
-0.0000618698637992581
-0.0000620952183970816
-0.0000623208124553581
-0.0000625459416085222
-0.0000627712968788308
-0.0000629961750324131
-0.0000632212659126138
-0.0000634458675168414
-0.0000636706684316463
-0.0000638949678506607
-0.0000641194531507807
-0.0000643434247044323
-0.0000645675687196941
-0.0000647911867020186
-0.0000650149636686977
-0.0000652382023487433
-0.0000654615865187058
-0.0000656844201160556
-0.0000659073857065074
-0.0000661297883827525
-0.0000663523095611182
-0.0000665742555105275
-0.0000667963064216402
-0.0000670177697640254
-0.0000672393245420657
-0.0000674602794086682
-0.000067681312155763
-0.0000679017326448513
-0.0000681222174897087
-0.000068342077668708
-0.0000685619886889909
-0.0000687812626676284
-0.000069000573903899
-0.0000692192357597206
-0.0000694379213173295
-0.0000696559451012575
-0.0000698739790531837
-0.0000700913388445816
-0.0000703086952693351
-0.0000705253651457994
-0.000070742018121234
-0.0000709579721770644
-0.0000711738958030473
-0.0000713891081222024
-0.0000716042764969373
-0.0000718187212105746
-0.0000720331084276377
-0.0000722467596809817
-0.0000724603399354941
-0.0000726731718414526
-0.0000728859192773726
-0.0000730979060532615
-0.0000733097948513731
-0.0000735209107166473
-0.000073731915109253
-0.0000739421342647728
-0.0000741522285491641
-0.0000743615252796564
-0.0000745706837293455
-0.0000747790323688338
-0.0000749872293415942
-0.0000751946042413505
-0.0000754018141033872
-0.00007560818968363
-0.0000758143868685326
-0.0000760197376021075
-0.0000762248966086388
-0.0000764291969912633
-0.0000766332923655403
-0.0000768365169692552
-0.0000770395232852958
-0.0000772416467688737
-0.0000774435387217787
-0.0000776445357435725
-0.0000778452881026536
-0.0000780451334080227
-0.0000782447209274418
-0.0000784433894108256
-0.0000786417869479554
-0.0000788392535399481
-0.0000790364360388714
-0.0000792326756929871
-0.0000794286182443163
-0.0000796236059976356
-0.000079818283716816
-0.0000800119947571186
-0.0000802053828100474
-0.0000803977924035301
-0.0000805898660744543
-0.0000807809495550064
-0.0000809716842624754
-0.0000811614170514566
-0.0000813507882741046
-0.0000815391459068373
-0.000081727129225289
-0.0000819140873393863
-0.0000821006584461943
-0.0000822861928059209
-0.0000824713274788245
-0.0000826554139214557
-0.0000828390880938678
-0.0000830217025696168
-0.0000832038922794233
-0.0000833850108735332
-0.0000835656922299014
-0.0000837452911639469
-0.0000839244404351246
-0.0000841024960137148
-0.0000842800896001624
-0.0000844565782789768
-0.0000846325926636068
-0.0000848074910417786
-0.0000849819029022405
-0.0000851551876487766
-0.0000853279737520311
-0.0000854996217311977
-0.0000856707590089636
-0.0000858407472044831
-0.0000860102127043006
-0.0000861785182352576
-0.000086346289151065
-0.0000865128893242576
-0.0000866789430129261
-0.0000868438152162148
-0.0000870081291750097
-0.0000871712509850982
-0.0000873338028667081
-0.0000874951520266742
-0.0000876559196475329
-0.000087815474045313
-0.0000879744353401056
-0.0000881321730319791
-0.0000882893061558084
-0.0000884452053547494
-0.0000886004885955214
-0.0000887545276574514
-0.000088907939507075
-0.0000890600969846627
-0.0000892116160743738
-0.0000893618707071515
-0.0000895114758235008
-0.0000896598065164939
-0.0000898074766794216
-0.0000899538624879967
-0.0000900995768683344
-0.0000902439970793755
-0.0000903877350058593
-0.0000905301690698787
-0.0000906719101003425
-0.0000908123376548354
-0.0000909520615262055
-0.0000910904623672068
-0.0000912281490214417
-0.00009136450318572
-0.0000915001327220889
-0.0000916344204563061
-0.0000917679731912161
-0.0000919001748873686
-0.0000920316313579825
-0.0000921617276193944
-0.0000922910685581581
-0.0000924190402504029
-0.0000925462465464954
-0.0000926720747103727
-0.0000927971275104812
-0.0000929207933682797
-0.0000930436740552849
-0.0000931651590668059
-0.0000932858492067248
-0.0000934051350465314
-0.0000935236164061111
-0.0000936406849542123
-0.0000937569395579315
-0.000093871772958174
-0.0000939857830162427
-0.0000940983635851841
-0.0000942101115743271
-0.0000943204218619831
-0.0000944298904258564
-0.0000945379132863404
-0.0000946450853553938
-0.0000947508038171017
-0.0000948556624992519
-0.0000949590597095331
-0.0000950615885140993
-0.0000951626480287301
-0.0000952628304161356
-0.0000953615360087763
-0.0000954593559103314
-0.0000955556915442967
-0.0000956511330583886
-0.0000957450829288923
-0.0000958381303515204
-0.0000959296789362498
-0.0000960203169010134
-0.0000961094489136924
-0.0000961976622289948
-0.0000962843626438809
-0.0000963701364296942
-0.0000964543904358342
-0.000096537710027584
-0.0000966195031209137
-0.0000967003540972106
-0.0000967796719878553
-0.0000968580402296544
-0.0000969348689098059
-0.0000970107405094679
-0.0000970850662391036
-0.0000971584275950955
-0.0000972302368681681
-0.0000973010746227715
-0.0000973703541956311
-0.0000974386552650072
-0.0000975053922114633
-0.000097571143748578
-0.0000976353253703333
-0.0000976985148271226
-0.0000977601286942134
-0.0000978207438101963
-0.000097879777782241
-0.0000979378065198125
-0.0000979942487378128
-0.0000980496793878762
-0.0000981035182209639
-0.0000981563393302711
-0.0000982075634803037
-0.0000982577638489897
-0.0000983063622824782
-0.0000983539310261925
-0.000098399892997077
-0.0000984448194697562
-0.0000984881345043393
-0.0000985304084210272
-0.0000985710662865664
-0.000098610677579804
-0.0000986486684108991
-0.0000986856073303466
-0.0000987209215054335
-0.0000987551785474294
-0.0000987878067492809
-0.0000988193727703767
-0.0000988493059390362
-0.0000988781720512294
-0.0000989054014484887
-0.0000989315590099088
-0.0000989560762086186
-0.0000989795169511526
-0.0000990013137609604
-0.0000990220296937123
-0.0000990410982647317
-0.0000990590816373047
-0.0000990754144123314
-0.0000990906578414154
-0.0000991042475403902
-0.0000991167438966385
-0.0000991275835810172
-0.0000991373260331324
-0.00009914540901235
-0.0000991523910773265
-0.0000991577109898935
-0.0000991619264674657
-0.0000991644772410625
-0.0000991659201950556
-0.000099165696100852
-0.0000991643609076121
-0.0000991613565067657
-0.0000991572379066612
-0.0000991514479935224
-0.0000991445409913097
-0.0000991359607690196
-0.0000991262606474073
-0.0000991148856013298
-0.000099102387987752
-0.0000990882138710981
-0.0000990729147006497
-0.0000990559376044443
-0.0000990378331201315
-0.0000990180494136032
-0.0000989971361906529
-0.000098974542601183
-0.0000989508174629891
-0.0000989254109849299
-0.0000988988711549141
-0.0000988706491005092
-0.000098841292036044
-0.0000988102520745157
-0.0000987780755433175
-0.0000987442156422404
-0.0000987092177650469
-0.0000986725361675242
-0.0000986347153851292
-0.0000985952106569012
-0.0000985545656962836
-0.0000985122367465973
-0.0000984687666443484
-0.0000984236126731675
-0.0000983773168116134
-0.0000983293373390951
-0.0000982802153900849
-0.0000982294102425528
-0.0000981774622102514
-0.0000981238315484476
-0.0000980690577184264
-0.0000980126020105568
-0.00009795500299946
-0.0000978957230402399
-0.0000978352998199501
-0.0000977731966550258
-0.0000977099504657608
-0.0000976450255657713
-0.0000975789579558897
-0.000097511213018208
-0.0000974423258910074
-0.0000973717629625834
-0.0000973000585137901
-0.0000972266799513267
-0.000097152160703761
-0.000097075969160328
-0.0000969986379607877
-0.000096919636445298
-0.0000968394963986542
-0.0000967576882188734
-0.0000966747428020395
-0.0000965901315501231
-0.0000965043845588545
-0.0000964169741758615
-0.0000963284296844862
-0.0000962382244067682
-0.0000961468868135931
-0.0000960538912141754
-0.0000959597652418314
-0.00009586398418315
-0.0000957670748357439
-0.0000956685135311733
-0.0000955688261479685
-0.0000954674900623592
-0.0000953650303440503
-0.0000952609252831099
-0.0000951556991434169
-0.0000950488312438798
-0.0000949408449850039
-0.0000948312206517659
-0.0000947204808557244
-0.0000946081068453598
-0.0000944946204051877
-0.0000943795037458543
-0.0000942632778807519
-0.0000941454259332155
-0.0000940264681283727
-0.0000939058885824631
-0.0000937842066538651
-0.0000936609074634706
-0.0000935365095337648
-0.000093410498979429
-0.0000932833934910488
-0.0000931546801569653
-0.0000930248758315691
-0.0000928934685887893
-0.0000927609744820486
-0.0000926268825319349
-0.0000924917079551234
-0.0000923549407906288
-0.0000922170954074752
-0.0000920776627900676
-0.0000919371565480766
-0.0000917950685907364
-0.0000916519117282495
-0.0000915071788047251
-0.0000913613818565073
-0.000091214014671393
-0.0000910655884607462
-0.0000909155979991099
-0.0000907645536456517
-0.0000906119511799045
-0.0000904583001511112
-0.0000903030972221445
-0.000090146851237979
-0.0000899890597317908
-0.0000898302307687733
-0.0000896698628596638
-0.000089508463219806
-0.000089345531333914
-0.0000891815736128602
-0.0000890160904961903
-0.0000888495875506694
-0.0000886815662294307
-0.000088512531245375
-0.0000883419849888659
-0.0000881704314302465
-0.0000879973738248096
-0.0000878233154066202
-0.0000876477603514026
-0.0000874712110549037
-0.0000872931726904008
-0.0000871141468444575
-0.000086933639575193
-0.0000867521517275453
-0.0000865691902962228
-0.0000863852552808176
-0.0000861998546629096
-0.0000860134876013482
-0.0000858256630218659
-0.0000856368793216039
-0.0000854466463103223
-0.0000852554616183592
-0.0000850628359969178
-0.0000848692662406564
-0.0000846742640260669
-0.0000844783254230877
-0.0000842809629730914
-0.0000840826719592762
-0.0000838829658621233
-0.0000836823391612236
-0.0000834803062634466
-0.0000832773608801717
-0.0000830730182809802
-0.0000828677714498105
-0.0000826611365495742
-0.0000824536057423037
-0.0000822446961669769
-0.0000820348991680705
-0.000081823732770025
-0.0000816116875784043
-0.0000813982824994629
-0.0000811840073697441
-0.0000809683819975998
-0.0000807518954308991
-0.0000805340684032409
-0.0000803153891395004
-0.0000800953793109905
-0.0000798745263670155
-0.0000796523528530027
-0.0000794293454389354
-0.0000792050276089087
-0.0000789798852096315
-0.0000787534426403484
-0.0000785261849751657
-0.0000782976374829992
-0.0000780682844967309
-0.0000778376521598718
-0.0000776062240100095
-0.0000773735271137873
-0.000077140044228582
-0.0000769053032773068
-0.0000766697862827415
-0.0000764330220306728
-0.0000761954917747961
-0.000075956725188461
-0.000075717202755933
-0.00007547645502357
-0.0000752349616982789
-0.000074992254234855
-0.0000747488115458347
-0.0000745041659401274
-0.0000742587956105435
-0.0000740122337352532
-0.0000737649576791405
-0.0000735165015611141
-0.0000732673419331861
-0.0000730170138196921
-0.0000727659930139518
-0.0000725138153305848
-0.0000722609558824848
-0.0000720069513065621
-0.0000717522759543908
-0.0000714964673529087
-0.0000712399990618686
-0.0000709824094670668
-0.0000707241713746542
-0.0000704648240516099
-0.0000702048395057775
-0.000069943757866851
-0.0000696820504022972
-0.000069419258069681
-0.0000691558514001179
-0.0000688913721965791
-0.0000686262902030048
-0.0000683601481074391
-0.0000680934148899648
-0.000067825634065742
-0.0000675572738543773
-0.0000672878786725052
-0.0000670179159083431
-0.0000667469308485375
-0.0000664753901627339
-0.0000662028399004892
-0.000065929746053722
-0.0000656556554532201
-0.000065381033359749
-0.0000651054274682619
-0.0000648293022321713
-0.000064552206184816
-0.0000642746030757838
-0.0000639960422460007
-0.0000637169866423912
-0.0000634369865189349
-0.0000631565039961758
-0.000062875090204269
-0.0000625932065052961
-0.0000623104048277292
-0.0000620271458010617
-0.0000617429821698576
-0.0000614583738318972
-0.0000611728743406694
-0.0000608869428222161
-0.0000606001336799586
-0.0000603129052750208
-0.0000600248128233417
-0.0000597363139516596
-0.0000594469646827174
-0.0000591572218837661
-0.0000588666424172947
-0.0000585756823753232
-0.000058283899433102
-0.0000579917489585062
-0.0000576987894095829
-0.000057405475396749
-0.0000571113662349817
-0.0000568169157415748
-0.0000565216840380419
-0.0000562261242296072
-0.0000559297972042246
-0.0000556331553274789
-0.0000553357603123098
-0.0000550380637495578
-0.0000547396281476448
-0.0000544409043781049
-0.0000541414557277854
-0.0000538417323200948
-0.0000535412982536837
-0.0000532406028945725
-0.0000529392111162621
-0.000052637571593722
-0.000052335249941847
-0.0000520326940680989
-0.0000517294704543778
-0.0000514260262112301
-0.0000511219286085891
-0.0000508176240269116
-0.0000505126805118811
-0.0000502075437012358
-0.0000499017824475758
-0.0000495958415917206
-0.0000492892908119277
-0.0000489825742063217
-0.0000486752621871779
-0.0000483677981529585
-0.0000480597532713339
-0.0000477515702097635
-0.0000474428209314425
-0.0000471339472964627
-0.0000468245220919614
-0.0000465149864359233
-0.000046204913853639
-0.0000458947447605077
-0.000045584053429779
-0.0000452732795248355
-0.0000449619981020522
-0.0000446506480650812
-0.0000443388052688475
-0.000044026907858189
-0.0000437145324253642
-0.0000434021164088728
-0.0000430892371376849
-0.0000427763313409181
-0.0000424629770861844
-0.0000421496103381615
-0.0000418358099746804
-0.0000415220111434462
-0.0000412077935556596
-0.0000408935916224015
-0.0000405789857082812
-0.00004026440956819
-0.0000399494443328767
-0.0000396345229412787
-0.000039319227330585
-0.0000390039897058806
-0.0000386883926652381
-0.0000383728677850468
-0.0000380569983887795
-0.0000377412152381342
-0.0000374251024653877
-0.0000371090900857725
-0.0000367927629523835
-0.0000364765503401426
-0.0000361600378718716
-0.0000358436540766825
-0.0000355269852928164
-0.0000352104593068873
-0.0000348936632389479
-0.0000345770240740702
-0.000034260129713162
-0.0000339434064107815
-0.000033626442727325
-0.0000333096642699339
-0.0000329926602840299
-0.0000326758556178431
-0.0000323588402922905
-0.0000320420383962266
-0.000031725040658176
-0.0000314082704733788
-0.0000310913192450109
-0.0000307746096663319
-0.0000304577338450174
-0.0000301411137324255
-0.0000298243421996681
-0.0000295078403932378
-0.00002919120197469
-0.0000288748472956171
-0.0000285583707221263
-0.000028242191973431
-0.0000279259060192304
-0.0000276099318810157
-0.0000272938652647641
-0.000026978124403452
-0.0000266623057597914
-0.0000263468268327829
-0.0000260312847557734
-0.0000257160963190614
-0.0000254008593544392
-0.0000250859899250973
-0.0000247710865666975
-0.0000244565645850555
-0.0000241420232637924
-0.0000238278771222129
-0.0000235137261853799
-0.0000231999842176932
-0.0000228862519309031
-0.0000225729423998972
-0.0000222596570134776
-0.0000219468080729129
-0.0000216339977089833
-0.0000213216374911996
-0.0000210093301786851
-0.0000206974867128565
-0.0000203857104727286
-0.000020074411653713
-0.0000197631943863093
-0.0000194524680955608
-0.0000191418375769258
-0.0000188317115686028
-0.0000185216955251531
-0.0000182121974728419
-0.0000179028235320781
-0.0000175939809917344
-0.0000172852766735172
-0.0000169771171133302
-0.0000166691098501532
-0.0000163616606458797
-0.0000160543777397346
-0.0000157476661575755
-0.0000154411348010664
-0.0000151351879995235
-0.000014829435304335
-0.0000145242803176555
-0.0000142193332719378
-0.0000139149970292504
-0.0000136108824818384
-0.000013307391785608
-0.0000130041364964751
-0.0000127015180389581
-0.0000123991486138332
-0.0000120974289576165
-0.0000117959719205654
-0.0000114951774637226
-0.0000111946591726105
-0.0000108948162611132
-0.0000105952629308812
-0.000010296397709919
-0.00000999783545945138
-0.00000969997397793815
-0.00000940242874940516
-0.00000910559689419923
-0.00000880909452317253
-0.00000851331801636281
-0.00000821788419858524
-0.00000792318866848829
-0.00000762884888074675
-0.0000073352597927317
-0.00000704203945324487
-0.00000674958207999571
-0.00000645750642071212
-0.00000616620592286658
-0.00000587529999819587
-0.00000558518137078948
-0.00000529547009332867
-0.00000500655816471253
-0.00000471806629005982
-0.00000443038575115936
-0.00000414313784655391
-0.0000038567131864868
-0.00000357073369437729
-0.00000328558925283771
-0.00000300090241408259
-0.00000271706234211762
-0.00000243369225458065
-0.00000215118055252983
-0.00000186915110287832
-0.00000158799159792826
-0.00000130732650537128
-0.00000102754281899733
-0.000000748265667322063
-0.000000469881247657407
-0.000000192015364562575
0.0000000849464925045845
0.00000036137792417271
0.000000636894132510582
0.000000911868118891189
0.00000118591579304164
0.00000145940954164113
0.00000173196595357629
0.0000020039568688584
0.00000227499951775465
0.00000254546516002492
0.00000281497176914866
0.00000308388989556252
0.00000335183833657933
0.00000361918697366711
0.000003885555299205
0.00000415131263575763
0.00000441607915947803
0.00000468022357435308
0.00000494336678046937
0.00000520587688874562
0.00000546737547318253
0.00000572823007601276
0.00000598806297152485
0.00000624724107386655
0.00000650538741269599
0.00000676286824707009
0.00000701930736435431
0.00000727507041032376
0.0000075297818329337
0.00000778380676308622
0.00000803677028784535
0.00000828903695806508
0.00000854023260792876
0.00000879072113464301
0.00000904012911170554
0.00000928881984814901
0.00000953642060400666
0.00000978329410465955
0.0000100290683140273
0.0000102741053590516
0.000010518033924988
0.0000107612155574229
0.0000110032796256754
0.0000112445870707353
0.0000114847680187347
0.0000117241827869705
0.0000119624621942236
0.0000121999660194617
0.0000124363257379252
0.0000126719005604334
0.000012906322675413
0.0000131399507093834
0.0000133724175544871
0.000013604081235287
0.0000138345753740261
0.0000140642573795828
0.0000142927616278527
0.0000145204449197352
0.0000147469423060428
0.0000149726100412848
0.0000151970838902027
0.0000154207195184982
0.0000156431533710418
0.0000158647405622888
0.0000160851182250668
0.0000163046409083728
0.0000165229464540452
0.0000167403888106385
0.0000169566065185247
0.0000171719530020517
0.0000173860674629208
0.000017599302740945
0.000017811298786151
0.0000180224078161811
0.0000182322705123601
0.0000184412385328029
0.0000186489532142525
0.0000188557656754602
0.0000190613179515963
0.0000192659605967455
0.0000194693363304111
0.0000196717951572497
0.0000198729804887966
0.0000200732417423578
0.0000202722230562051
0.000020470273288306
0.0000206670372266698
0.0000208628632331043
0.0000210573967617436
0.0000212509855584019
0.0000214432758569384
0.0000216346148301807
0.0000218246493528956
0.0000220137260731936
0.0000222014925742901
0.0000223882949134189
0.0000225737813926311
0.0000227582975278387
0.0000229414922522658
0.0000231237105682348
0.0000233046021201293
0.0000234845113129821
0.0000236630885157895
0.0000238406775656578
0.0000240169294959538
0.0000241921876570344
0.0000243661037131448
0.000024539020490125
0.0000247105903457251
0.0000248811555314876
0.0000250503691097546
0.0000252185727899858
0.0000253854203074146
0.0000255512528245855
0.0000257157247874167
0.0000258791767920198
0.0000260412639608236
0.0000262023263602801
0.0000263620197959073
0.000026520683798409
0.0000266779748367597
0.0000268342319161168
0.0000269891121717798
0.0000271429540797639
0.0000272954154618119
0.0000274468342468988
0.0000275968689446145
0.0000277458569430117
0.0000278934574067736
0.0000280400072195422
0.0000281851662166659
0.0000283292707347322
0.0000284719813026545
0.0000286136337022427
0.0000287538891623474
0.0000288930829055324
0.0000290308768571224
0.0000291676057056319
0.0000293029320403367
0.0000294371900126694
0.0000295700429069355
0.0000297018243357634
0.0000298321982359692
0.0000299614977271658
0.0000300893874046047
0.0000302161998316988
0.000030341600296844
0.0000304659208596918
0.0000305888274340857
0.0000307106515811149
0.0000308310598813414
0.000030950383362595
0.0000310682892621736
0.0000311851081238168
0.0000313005078015472
0.000031414818338396
0.0000315277082810247
0.0000316395071018228
0.0000317498840366555
0.000031859168045411
0.0000319670290125309
0.0000320737953834991
0.0000321791376980706
0.0000322833838886827
0.000032386205145554
0.0000324879289068245
0.0000325882270155821
0.0000326874263665562
0.0000327851995018495
0.0000328818727703281
0.0000329771193596734
0.0000330712651600947
0.000033163983981907
0.0000332556011618043
0.0000333457912193899
0.0000334348789831214
0.0000335225395918725
0.0000336090973726821
0.0000336942281263297
0.0000337782556616016
0.0000338608564320168
0.0000339423537418565
0.0000340224246768163
0.0000341013920560648
0.0000341789336138101
0.000034255371624304
0.0000343303845135225
0.0000344042940295185
0.0000344767792416873
0.0000345481614084854
0.0000346181202225198
0.0000346869764335912
0.0000347544104172199
0.0000348207423812562
0.0000348856533601339
0.0000349494630549064
0.0000350118531259573
0.000035073142799155
0.0000351330143581038
0.0000351917865485087
0.0000352491422489556
0.0000353053997437996
0.0000353602425323947
0.0000354139883899713
0.000035466321499857
0.0000355175590805567
0.0000355673859742903
0.0000356161188960147
0.0000356634433220101
0.000035709675480787
0.0000357545014919854
0.0000357982370351705
0.0000358405689032148
0.000035881812282382
0.0000359216545676923
0.0000359604105002385
0.0000359977680247648
0.0000360340414412385
0.0000360689193479418
0.0000361027154746451
0.000036135119114528
0.000036166443462886
0.0000361963784418378
0.0000362252367818787
0.0000362527090047948
0.0000362791073494826
0.0000363041229655652
0.0000363280676036206
0.0000363506330177217
0.0000363721304948225
0.000036392252399242
0.0000364113095015241
0.0000364289948230016
0.0000364456186075159
0.0000364608745264599
0.000036475072326554
0.0000364879062779
0.0000364996856608937
0.0000365101053434148
0.0000365194741203241
0.0000365274874852696
0.000036534453731492
0.0000365400689774246
0.0000365446410172579
0.0000365478665788209
0.0000365500529771389
0.000036550897557083
0.0000365507071503914
0.0000365491796820393
0.0000365466215124453
0.0000365427311854867
0.0000365378145610591
0.0000365315708066504
0.0000365243052765969
0.0000365157177536049
0.0000365061131168262
0.000036495191722569
0.0000364832579991527
0.0000364700128865359
0.0000364557603386392
0.0000364402018932554
0.0000364236410122685
0.0000364057798466946
0.0000363869213593624
0.0000363667683340824
0.0000363456231882625
0.0000363231893772069
0.0000362997687930175
0.0000362750654713383
0.0000362493808683232
0.0000362224195795932
0.0000361944825890494
0.0000361652751181957
0.0000361350976044631
0.0000361036558932424
0.0000360712499666686
0.0000360375862205218
0.0000360029641877989
0.0000359670908415137
0.0000359302652222132
0.0000358921948977898
0.0000358531784416609
0.0000358129239949336
0.0000357717296505331
0.0000357293041607754
0.0000356859450958362
0.0000356413618166143
0.0000355958514312307
0.0000355491238600472
0.0000355014757150514
0.0000354526175391691
0.0000354028454404857
0.0000353518705405218
0.0000352999884961657
0.0000352469109872899
0.0000351929331570199
0.0000351377673323055
0.0000350817081637543
0.0000350244684848894
0.00003496634255888
0.0000349070437431718
0.0000348468658306497
0.0000347855227650401
0.0000347233078456255
0.0000346599355981343
0.0000345956988492989
0.0000345303126924005
0.0000344640694608762
0.0000343966848456561
0.0000343284506812645
0.0000342590832385434
0.0000341888738624358
0.0000341175394080842
0.0000340453707372196
0.000033972085261176
0.0000338979733853383
0.0000338227530558792
0.0000337467142340604
0.000033669575417545
0.000033591626067739
0.0000335125852875407
0.00003343274203025
0.0000333518159530074
0.0000332700955778798
0.0000331873010717838
0.0000331037204946797
0.0000330190745929882
0.0000329336509290784
0.0000328471708140545
0.0000327599213289387
0.0000326716243550386
0.0000325825664750662
0.00003249247012954
0.0000324016214425318
0.0000323097433943198
0.0000322171216249174
0.0000321234796942317
0.0000320291027271382
0.0000319337148709498
0.0000318376007633682
0.0000317404850728988
0.0000316426520109384
0.0000315438267423912
0.0000314442930472116
0.0000313437766042804
0.0000312425607365579
0.000031140371672504
0.0000310374922201504
0.0000309336492063932
0.0000308291249249949
0.0000307236467608651
0.0000306174965439568
0.0000305104021582072
0.0000304026450057299
0.0000302939534751518
0.0000301846085001234
0.0000300743390504393
0.0000299634255182289
0.0000298515974407264
0.0000297391347300533
0.000029625767476734
0.0000295117751265291
0.0000293968882301111
0.000029281385835407
0.0000291649990000431
0.0000290480062796095
0.0000289301393031402
0.0000288116761095683
0.0000286923488815174
0.000028572435180909
0.000028451667696603
0.000028330323549778
0.0000282081359408419
0.0000280853815056473
0.0000279617939810952
0.0000278376495239861
0.0000277126823964058
0.0000275871682870617
0.0000274608419743544
0.0000273339786654879
0.0000272063136770312
0.0000270781217300526
0.0000269491386518789
0.0000268196387093086
0.0000266893582416317
0.0000265585710189014
0.0000264270139369983
0.0000262949602608236
0.0000261621473923517
0.0000260288481889952
0.0000258948004833091
0.0000257602766889821
0.0000256250151776122
0.000025489287848171
0.0000253528336142738
0.0000252159238828945
0.0000250782980670533
0.000024940227137891
0.000024801450991105
0.0000246622401227479
0.0000245223349364011
0.0000243820054427184
0.0000242409925715462
0.0000240995658718172
0.0000239574667407882
0.0000238149642710944
0.000023671800362707
0.0000235282436172106
0.00002338403648128
0.0000232394470327352
0.000023094218229007
0.000022948617709533
0.0000228023888719874
0.0000226557989286545
0.0000225085917734961
0.0000223610341008181
0.0000222128703336338
0.000022064366703265
0.0000219152680898874
0.0000217658402835444
0.0000216158286487757
0.000021465498484379
0.0000213145956707075
0.0000211633850173157
0.0000210116128954787
0.0000208595436525854
0.00002070692412419
0.000020554018216785
0.0000204005732237521
0.0000202468525879713
0.0000200926040959505
0.0000199380907062224
0.0000197830606958108
0.0000196277765370728
0.0000194719870222956
0.0000193159541179326
0.0000191594270924722
0.0000190026674715144
0.0000188454249747678
0.0000186879606636301
0.0000185300247399466
0.0000183718777944315
0.0000182132705012104
0.0000180544629686644
0.0000178952063587134
0.0000177357602968846
0.0000175758764362053
0.0000174158139181665
0.0000172553248386
0.0000170946679269926
0.0000169335957030262
0.0000167723664301777
0.0000166107331293238
0.0000164489535497601
0.0000162867812058265
0.0000161244733650108
0.0000159617840037052
0.0000157989699187571
0.0000156357855612702
0.0000154724872731726
0.0000153088298993349
0.0000151450693815336
0.000014980961028559
0.000014816760230149
0.0000146522228398498
0.0000144876037364148
0.0000143226592405291
0.0000141576437720746
0.000013992314067497
0.0000138269241243594
0.0000136612311134109
0.0000134954885584232
0.0000133294540895097
0.0000131633807588696
0.0000129970266388391
0.000012830644340061
0.0000126639923536542
0.0000124973228363155
0.0000123303947386149
0.0000121634597137915
0.0000119962771914066
0.000011829098342238
0.0000116616830556091
0.0000114942820100085
0.0000113266555461335
0.0000111590538985802
0.0000109912378295801
0.0000108234570965631
0.0000106554729051195
0.0000104875345841137
0.000010319403731722
0.00001015132921155
0.00000998307310405913
0.00000981488375510246
0.00000964652370116191
0.00000947824084376465
0.00000930979810897739
0.0000091414429608758
0.00000897293877612045
0.00000880453250347017
0.00000863598798808091
0.0000084675517025619
0.00000829898791582531
0.00000813054266272616
0.00000796198060362707
0.00000779354732294413
0.00000762500792134391
0.00000745660749705218
0.00000728811159068524
0.00000711976483364299
0.00000695133318765346
0.00000678306081485239
0.00000661471411761591
0.0000064465367746842
0.00000627829560970218
0.00000611023386816104
0.00000594211875631073
0.00000577419307071595
0.00000560622445111754
0.00000543845518166489
0.00000527065338944824
0.0000051030608459543
0.00000493544610232856
0.00000476805049086811
0.00000460064294696366
0.00000443346434775423
0.00000426628407042437
0.00000409934247906515
0.00000393240940050855
0.0000037657247374595
0.00000359905869961583
0.00000343265075690526
0.00000326627151168827
0.00000310015997122174
0.00000293408716863256
0.00000276829161002747
0.00000260254476425059
0.00000243708468109913
0.00000227168321347239
0.00000210657796397766
0.00000194154118713018
0.00000177681002086618
0.00000161215711879916
0.00000144781917505222
0.00000128356923271283
0.00000111964352119157
0.000000955815500070396
0.000000792320933290158
0.0000006289336619399
0.000000465889006080721
0.000000302961212768868
0.000000140385125820335
-0.0000000220646100287512
-0.000000184153598011788
-0.000000346106790669336
-0.000000507690289209673
-0.000000669128609102588
-0.00000083018833833095
-0.000000991093583465997
-0.00000115161138489499
-0.00000131196548505364
-0.00000147192336246972
-0.00000163170835957113
-0.00000179108843872953
-0.00000195028653798599
-0.00000210907107619897
-0.00000226766459957985
-0.00000242583599594012
-0.00000258380742247796
-0.00000274134820660388
-0.0000028986801486182
-0.00000305557301349129
-0.00000321224820329091
-0.0000033684759748067
-0.00000352447732260443
-0.00000368002296868458
-0.00000383533351015813
-0.00000399018013753772
-0.00000414478307443144
-0.00000429891395191686
-0.00000445279260971356
-0.00000460619115418918
-0.00000475932902927015
-0.00000491197880011439
-0.00000506435953234434
-0.00000521624425228741
-0.00000536785163745677
-0.00000551895518414722
-0.0000056697731644517
-0.00000582007955593472
-0.00000597009225163343
-0.00000611958568144402
-0.00000626877736054118
-0.00000641744215959967
-0.00000656579725068974
-0.0000067136179299226
-0.00000686112101532163
-0.00000700808224646366
-0.0000071547180711463
-0.00000730080469444189
-0.00000744655816844338
-0.00000759175517173001
-0.00000773661137535131
-0.00000788090391765809
-0.00000802484811474684
-0.00000816822152578488
-0.00000831123910436027
-0.00000845367889158675
-0.00000859575543685519
-0.00000873724727008543
-0.00000887836854105712
-0.00000901889824226262
-0.00000915905017678533
-0.00000929860375305055
-0.00000943777243054741
-0.00000957633609239204
-0.00000971450778911562
-0.00000985206787915625
-0.00000998922903808882
-0.0000101257720935946
-0.0000102619093440664
-0.000010397422071612
-0.0000105325222239479
-0.0000106669915077249
-0.0000108010415251416
-0.0000109344544495787
-0.0000110674414894993
-0.0000111997852984232
-0.0000113316967125245
-0.0000114629588185347
-0.000011593782132066
-0.0000117239501517293
-0.000011853673050807
-0.0000119827347919171
-0.0000121113451672113
-0.0000122392886064906
-0.0000123667745216042
-0.0000124935878183686
-0.0000126199375343032
-0.0000127456090346977
-0.0000128708110032318
-0.0000129953292278285
-0.0000131193720725869
-0.0000132427257537091
-0.0000133655982896886
-0.0000134877763419599
-0.0000136094675736539
-0.0000137304590845393
-0.0000138509582006105
-0.0000139707524716078
-0.0000140900488507801
-0.0000142086353602579
-0.0000143267185759767
-0.0000144440869890742
-0.0000145609468107921
-0.0000146770869803661
-0.0000147927133712909
-0.0000149076153505906
-0.0000150219984575322
-0.0000151356524889254
-0.0000152487826471772
-0.0000153611791830417
-0.0000154730469249865
-0.0000155841765905523
-0.0000156947726444821
-0.0000158046262608622
-0.0000159139415665438
-0.0000160225101467895
-0.0000161305358142413
-0.0000162378105994915
-0.000016344537929455
-0.0000164505103144355
-0.0000165559308354472
-0.0000166605924196831
-0.0000167646978335542
-0.0000168680404306055
-0.0000169708226357131
-0.0000170728382491341
-0.0000171742893418883
-0.0000172749701790953
-0.0000173750824584318
-0.0000174744208853204
-0.000017573186863371
-0.0000176711754860295
-0.0000177685878300695
-0.000017865219444114
-0.0000179612710575345
-0.000018056538650187
-0.0000181512226139194
-0.0000182451193760448
-0.0000183384289712303
-0.0000184309482834637
-0.000018522877007596
-0.0000186140124531315
-0.000018704553976405
-0.0000187942993408667
-0.0000188834475499902
-0.0000189717968162123
-0.0000190595457885491
-0.0000191464931389151
-0.0000192328371614603
-0.0000193183769571593
-0.0000194033105081255
-0.0000194874373314949
-0.0000195709550935019
-0.0000196536637217049
-0.000019735760563879
-0.0000198170459763863
-0.0000198977169723105
-0.0000199775743348828
-0.0000200568147536782
-0.0000201352394517616
-0.0000202130447622841
-0.0000202900323666845
-0.0000203663982314672
-0.0000204419444943008
-0.0000205168668120518
-0.0000205909677061532
-0.0000206644425211597
-0.0000207370942011321
-0.0000208091177764477
-0.0000208803166209863
-0.0000209508854257127
-0.00002102062798065
-0.0000210897386635016
-0.0000211580216836435
-0.000021225671103633
-0.0000212924915640051
-0.0000213586767617602
-0.0000214240317905043
-0.0000214887500240479
-0.0000215526369751626
-0.0000216158856816156
-0.0000216783020959953
-0.0000217400789085758
-0.0000218010225132391
-0.0000218613252854084
-0.0000219207940125237
-0.0000219796207555596
-0.0000220376127428254
-0.0000220949616830882
-0.0000221514752263742
-0.0000222073447895542
-0.00002226237841542
-0.0000223167671886014
-0.0000223703196049444
-0.0000224232264035435
-0.0000224752964979828
-0.0000225267203256416
-0.0000225773071791366
-0.0000226272472053429
-0.000022676350120336
-0.0000227248057071571
-0.0000227724241503621
-0.0000228193948808297
-0.0000228655284924201
-0.0000229110141227946
-0.0000229556627700229
-0.0000229996632334786
-0.0000230428269455908
-0.0000230853423860688
-0.0000231270213747058
-0.0000231680521102312
-0.0000232082468032183
-0.0000232477933348761
-0.0000232865043257802
-0.0000233245673396511
-0.0000233617954138882
-0.0000233983757857806
-0.0000234341219196986
-0.0000234692207015176
-0.0000235034860375314
-0.000023537104500572
-0.0000235698903580358
-0.0000236020299142603
-0.0000236333378347011
-0.0000236640000784432
-0.0000236938317496787
-0.0000237230184811461
-0.0000237513757742938
-0.0000237790889659522
-0.0000238059739481767
-0.0000238322157389898
-0.0000238576306427526
-0.0000238824033555472
-0.0000239063505845417
-0.0000239296567324812
-0.0000239521388934045
-0.0000239739811321396
-0.0000239950009765524
-0.0000240153821737698
-0.0000240349426480645
-0.0000240538658273514
-0.0000240719700351415
-0.0000240894383908272
-0.0000241060896289846
-0.0000241221065299036
-0.000024137308240983
-0.0000241518772330669
-0.0000241656330442398
-0.0000241787578400442
-0.0000241910715420956
-0.0000242027560167342
-0.0000242136315806212
-0.0000242238797711893
-0.000024233321325194
-0.0000242421374461984
-0.0000242501492762771
-0.0000242575377150717
-0.0000242641242679704
-0.0000242700895633626
-0.0000242752554764009
-0.0000242798023117868
-0.0000242835523657964
-0.0000242866856134594
-0.0000242890247422204
-0.0000242907494374674
-0.0000242916827465579
-0.0000242920040468163
-0.000024291536798081
-0.0000242904600516401
-0.0000242885976612308
-0.0000242861283604704
-0.0000242828763954375
-0.0000242790201976496
-0.0000242743843681949
-0.0000242691470699804
-0.0000242631332807172
-0.000024256520819113
-0.000024249135096295
-0.0000242411535811191
-0.0000242324020881724
-0.0000242230577897821
-0.0000242129468493647
-0.0000242022461517731
-0.0000241907822487697
-0.0000241787317044807
-0.0000241659214452588
-0.0000241525277513911
-0.0000241383779042359
-0.0000241236478835882
-0.0000241081653638155
-0.0000240921059853497
-0.0000240752978437673
-0.0000240579162249086
-0.0000240397896259154
-0.0000240210930355416
-0.0000240016553171986
-0.0000239816511474762
-0.000023960909758007
-0.0000239396055302581
-0.0000239175680741648
-0.0000238949714551649
-0.0000238716456503853
-0.0000238477644439793
-0.0000238231581564112
-0.0000237980002694009
-0.00002377212150377
-0.0000237456950017072
-0.0000237185518633006
-0.0000236908649361884
-0.0000236624656675737
-0.000023633526620004
-0.0000236038796027311
-0.0000235736968792936
-0.0000235428106130076
-0.0000235113927446223
-0.000023479275858027
-0.0000234466315434095
-0.0000234132927597621
-0.0000233794307995238
-0.0000233448789800372
-0.0000233098082924089
-0.000023274052418726
-0.0000232377820416983
-0.0000232008311955575
-0.000023163370276022
-0.0000231252336767451
-0.0000230865914673879
-0.0000230472784352801
-0.0000230074643231535
-0.0000229669842750259
-0.0000229260077493787
-0.0000228843702216957
-0.0000228422408727806
-0.0000227994555210255
-0.0000227561830424164
-0.0000227122596150042
-0.0000226678538145234
-0.0000226228021698324
-0.0000225772729487943
-0.0000225311030538111
-0.0000224844604185169
-0.0000224371823188589
-0.0000223894363884897
-0.0000223410602459875
-0.0000222922212110318
-0.0000222427572825897
-0.0000221928354614247
-0.0000221422940859166
-0.0000220912998778153
-0.0000220396914915415
-0.0000219876353776952
-0.0000219349705382027
-0.0000218818630885551
-0.0000218281524109857
-0.0000217740043039616
-0.0000217192584899047
-0.0000216640804914636
-0.0000216083103484843
-0.0000215521132838103
-0.0000214953296924533
-0.0000214381244938153
-0.0000213803384268507
-0.0000213221360915829
-0.0000212633585986426
-0.0000212041702181615
-0.0000211444124173816
-0.0000210842491592155
-0.0000210235222528756
-0.0000209623953608317
-0.0000209007106342149
-0.0000208386314156296
-0.0000207760002164686
-0.0000207129800711037
-0.000020649413817379
-0.0000205854642087749
-0.0000205209744021229
-0.0000204561068460039
-0.0000203907050557613
-0.0000203249311591666
-0.0000202586289834799
-0.0000201919604112373
-0.0000201247695847468
-0.0000200572180460921
-0.0000199891503029534
-0.0000199207275975382
-0.0000198517947622396
-0.0000197825127360924
-0.0000197127266773767
-0.0000196425972329432
-0.0000195719698962118
-0.000019501004991962
-0.0000194295483695288
-0.0000193577600222568
-0.000019285486144244
-0.0000192128864307714
-0.0000191398073892357
-0.0000190664084387428
-0.0000189925363835653
-0.0000189183503448412
-0.0000188436974770524
-0.0000187687365675711
-0.000018693315120853
-0.0000186175916165854
-0.0000185414138663483
-0.0000184649400686661
-0.000018388018341823
-0.0000183108065933334
-0.0000182331532718003
-0.0000181552159521675
-0.0000180768434358599
-0.0000179981929724598
-0.0000179191136993234
-0.0000178397625672642
-0.0000177599890044979
-0.0000176799497025206
-0.0000175994943680464
-0.000017518779409133
-0.0000174376548591617
-0.0000173562767957995
-0.0000172744956011853
-0.0000171924670320251
-0.0000171100417855397
-0.0000170273753203209
-0.0000169443186540634
-0.0000168610269429711
-0.0000167773515062626
-0.0000166934472024062
-0.0000166091656643633
-0.0000165246614626518
-0.0000164397865327777
-0.0000163546951226879
-0.0000162692395088558
-0.0000161835736280053
-0.0000160975500544925
-0.0000160113224381902
-0.0000159247436690236
-0.0000158379670642343
-0.0000157508458489382
-0.0000156635330332364
-0.0000155758821330201
-0.000015488045892306
-0.0000153998781027806
-0.0000153115312146829
-0.0000152228593230033
-0.0000151340145713485
-0.0000150448513919321
-0.0000149555215903645
-0.0000148658799025369
-0.0000147760778571027
-0.0000146859704732905
-0.0000145957089848224
-0.0000145051487180285
-0.000014414440599285
-0.0000143234402491201
-0.0000142322983037177
-0.0000141408706845901
-0.0000140493077064473
-0.0000139574656219781
-0.0000138654944130973
-0.0000137732506524643
-0.0000136808840174106
-0.0000135882513488203
-0.0000134955020778534
-0.0000134024933090515
-0.0000133093741486794
-0.0000132160020425646
-0.0000131225257760464
-0.0000130288030830232
-0.0000129349824556218
-0.0000128409219145201
-0.0000127467696657345
-0.0000126523840202085
-0.0000125579128587037
-0.0000124632148056298
-0.0000123684374349267
-0.0000122734396744963
-0.000012178368779749
-0.0000120830839793886
-0.0000119877322253195
-0.000011892173013007
-0.0000117965530405985
-0.0000117007320678954
-0.0000116048564731341
-0.0000115087863266728
-0.0000114126677117953
-0.00001131636096918
-0.000011220011881811
-0.0000111234810828417
-0.000011026914059589
-0.0000109301717231553
-0.0000108333992587392
-0.0000107364578640641
-0.0000106394924259613
-0.0000105423644225596
-0.0000104452184402082
-0.0000103479162483234
-0.0000102506021198721
-0.0000101531381136991
-0.0000100556682031962
-0.00000995805471469278
-0.00000986044134347787
-0.00000976269068545427
-0.00000966494612257075
-0.00000956707056379938
-0.00000946920705330763
-0.00000937121879694145
-0.00000927324854931569
-0.00000917515976907025
-0.00000907709492506141
-0.00000897891775525349
-0.00000888077042777816
-0.00000878251694563473
-0.00000868429919209308
-0.00000858598144741132
-0.00000848770526724056
-0.00000838933523890969
-0.00000829101260032913
-0.00000819260221937975
-0.0000080942450346522
-0.00000799580618575803
-0.00000789742630571664
-0.00000779897081146676
-0.0000077005800470738
-0.00000760211968382399
-0.00000750372978490241
-0.00000740527625864313
-0.00000730689890619871
-0.00000720846389492767
-0.00000711011070971914
-0.00000701170581696292
-0.00000691338837121922
-0.00000681502512823852
-0.00000671675494350378
-0.00000661844482867357
-0.00000652023334878428
-0.00000642198777851923
-0.0000063238463848891
-0.00000622567671308635
-0.0000061276167289156
-0.0000060295342394096
-0.00000593156690781743
-0.00000583358282578534
-0.00000573571934417496
-0.00000563784481237923
-0.00000554009630304573
-0.00000544234240341798
-0.00000534471990619808
-0.000005247097662986
-0.00000514961214313105
-0.00000505213248801281
-0.00000495479487456841
-0.00000485746867695042
-0.00000476028977726935
-0.00000466312784104615
-0.00000456611843252726
-0.00000446913146151332
-0.00000437230222068507
-0.00000427550086559373
-0.00000417886238680885
-0.00000408225722317823
-0.00000398582004238126
-0.00000388942154618506
-0.00000379319611958627
-0.00000369701469508797
-0.0000036010113879612
-0.00000350505737526445
-0.00000340928646763117
-0.00000331357011162041
-0.0000032180418153779
-0.00000312257327930879
-0.00000302729771434834
-0.00000293208707902908
-0.00000283707429061601
-0.00000274213155737495
-0.00000264739148995475
-0.00000255272657179255
-0.0000024582691034811
-0.00000236389180605442
-0.00000226972672470534
-0.00000217564680270046
-0.00000208178378786725
-0.0000019880108932405
-0.00000189445955023285
-0.00000180100324046025
-0.00000170777309233633
-0.00000161464283491059
-0.00000152174331092808
-0.00000142894847319773
-0.00000133638890281236
-0.00000124393878977658
-0.00000115172841534249
-0.00000105963222196452
-0.000000967780178632546
-0.000000876047004967608
-0.000000784562364176707
-0.000000693201209531608
-0.000000602092925164683
-0.000000511112712360809
-0.000000420389652291767
-0.000000329799179468943
-0.000000239470114984714
-0.000000149278124997197
-0.000000059351715691025
0.0000000304331758466096
0.000000119948355205219
0.000000209317624206762
0.000000298413092668259
0.00000038735831813581
0.000000476025691013195
0.000000564538550012741
0.000000652769557622339
0.000000740841822296776
0.000000828628283384721
0.000000916251821636101
0.00000100358567338326
0.00000109075246936645
0.00000117762572500712
0.00000126432785065955
0.00000135073265367988
0.00000143696228174212
0.00000152289086118338
0.00000160864028546772
0.00000169408497014756
0.00000177934658152455
0.00000186429980982259
0.00000194906609470221
0.00000203352042150458
0.00000211778397846163
0.00000220173204202015
0.00000228548557461137
0.00000236892014055392
0.00000245215644426942
0.00000253507036825367
0.0000026177823822286
0.00000270016862475861
0.00000278234935209561
0.000002864201006001
0.00000294584357716589
0.00000302715380863489
0.00000310825147747175
0.0000031890135710463
0.0000032695596667271
0.00000334976704281044
0.00000342975501343059
0.00000350940117530573
0.00000358882458747483
0.00000366790314274636
0.00000374675568141524
0.00000382526035347716
0.00000390353578679253
0.00000398146041694321
0.00000405915264717548
0.00000413649118023229
0.00000421359419568247
0.00000429034069202188
0.00000436684860588707
0.00000444299723888608
0.00000451890427766445
0.00000459444930796799
0.00000466974981436912
0.00000474468563576828
0.00000481937404838727
0.00000489369517370811
0.00000496776603794563
0.0000050414670762165
0.00000511491506913381
0.00000518799074075742
0.00000526081064649343
0.00000533325578741702
0.00000540544249648022
0.00000547725205764953
0.00000554880057465497
0.00000561996961334909
0.00000569087506454825
0.00000576139874858727
0.0000058316563549163
0.00000590152998268245
0.00000597113508783516
0.00000604035404966065
0.00000610930211610877
0.00000617786193033594
0.00000624614850898593
0.00000631404480283477
0.00000638166559352355
0.00000644889408795976
0.00000651584487447811
0.00000658240144306228
0.00000664867812711452
0.00000671455872579474
0.00000678015733659798
0.00000684535803223824
0.0000069102746990865
0.00000697479169571251
0.00000703902266652007
0.00000710285224633635
0.00000716639388595397
0.00000722953247489754
0.00000729238124669426
0.00000735482537520922
0.00000741697786568237
0.00000747872417299045
0.00000754017707638963
0.00000760122231375032
0.00000766197244090433
0.00000772231346984216
0.00000778235775382464
0.00000784199155671577
0.00000790132701480332
0.00000796025068764564
0.00000801887447261809
0.00000807708520661304
0.00000813499458780134
0.000008192489695264
0.00000824968202561823
0.00000830645895434779
0.00000836293171794216
0.00000841898798616357
0.00000847473878480536
0.000008530072042959
0.00000858509857903295
0.00000863970658420627
0.00000869400667215114
0.00000874788730364729
0.0000088014588676846
0.00000885461009726982
0.00000890745117760892
0.00000895987110598922
0.00000901197983859959
0.00000906366665951685
0.0000091150413141326
0.00000916599333414654
0.00000921663227035402
0.00000926684791791662
0.00000931674960866348
0.00000936622740762062
0.00000941539044390347
0.00000946412902931677
0.00000951255209235741
0.00000956055022515867
0.00000960823210735936
0.00000965548863275056
0.00000970242825524593
0.00000974894212893164
0.00000979513850903758
0.00000984090880181683
0.00000988636105158115
0.00000993138693880408
0.00000997609429152159
0.0000100203750515825
0.0000100643368401564
0.0000101078718591668
0.0000101510875282639
0.0000101938762986732
0.0000102363453828929
0.0000102783875020476
0.0000103201096579129
0.0000103614048218831
0.000010402379805338
0.0000104429278256868
0.0000104831554791804
0.0000105229562632971
0.0000105624365550334
0.0000106014901085692
0.000010640223102679
0.0000106785295431229
0.0000107165153977046
0.0000107540749385126
0.0000107913139142903
0.0000108281268783786
0.0000108646193477783
0.0000109006861399978
0.0000109364325693452
0.0000109717537087582
0.0000110067546627794
0.0000110413307674376
0.0000110755869175454
0.0000111094186878882
0.0000111429307918968
0.0000111760190525752
0.00001120878797192
0.0000112411336338959
0.0000112731603195096
0.0000113047643867182
0.0000113360499048641
0.0000113669134700188
0.0000113974589641938
0.0000114275832403136
0.0000114573899574389
0.0000114867762206515
0.0000115158455063887
0.0000115444951472954
0.0000115728284324337
0.0000116007429414686
0.000011628341736428
0.0000116555226923065
0.0000116823886214846
0.0000117088376755113
0.0000117349724610548
0.0000117606913678042
0.0000117860968076194
0.0000118110874160307
0.0000118357653950403
0.0000118600296437092
0.0000118839821545075
0.0000119075220569475
0.0000119307511645648
0.0000119535688368177
0.0000119760767000135
0.0000119981743506183
0.0000120199632033894
0.0000120413431178762
0.0000120624152990933
0.0000120830798481394
0.000012103437765
0.000012123389412291
0.0000121430355712898
0.0000121622768495137
0.0000121812138317682
0.0000121997473747587
0.0000122179778453246
0.000012235806361571
0.0000122533330746199
0.0000122704593393041
0.0000122872851309031
0.0000123037120247442
0.000012319839790995
0.0000123355702695305
0.0000123510030051365
0.0000123660400880166
0.0000123807808728737
0.0000123951276692786
0.0000124091796358562
0.0000124228393391557
0.0000124362057186036
0.0000124491815753754
0.0000124618656743679
0.0000124741610256541
0.0000124861662116083
0.000012497784474936
0.0000125091141896311
0.000012520058853185
0.0000125307166289917
0.0000125409912453465
0.0000125509806663203
0.0000125605888764047
0.0000125699136121069
0.0000125788591083898
0.0000125875228984857
0.0000125958094494773
0.0000126038161044646
0.0000126114475518921
0.0000126188009391636
0.0000126257811976068
0.0000126324852594804
0.0000126388183060536
0.0000126448770589301
0.0000126505669249066
0.0000126559844364018
0.0000126610352378155
0.0000126658156502678
0.0000126702315569077
0.0000126743790808858
0.0000126781643227975
0.0000126816832205144
0.0000126848421037799
0.0000126877367007583
0.0000126902735811631
0.0000126925482715918
0.0000126944675581133
0.0000126961267963701
0.0000126974329810538
0.0000126984812619537
0.0000126991788886354
0.0000126996207815865
0.0000126997144326325
0.0000126995545744085
0.0000126990488937997
0.0000126982919520661
0.000012697191669277
0.0000126958423762456
0.0000126941522401648
0.0000126922153874905
0.000012689940209714
0.0000126874206508045
0.0000126845653011442
0.0000126814679083836
0.0000126780373133917
0.000012674367042045
0.000012670366160417
0.0000126661280021511
0.0000126615618627247
0.0000126567608618217
0.0000126516345207665
0.0000126462757651824
0.000012640594342815
0.000012634682974786
0.0000126284516320472
0.0000126219928398866
0.0000126152167611666
0.0000126082157665345
0.000012600900229687
0.0000125933623104189
0.0000125855125974333
0.0000125774430504572
0.0000125690645032458
0.0000125604687040432
0.0000125515666905178
0.0000125424500206061
0.0000125330299715348
0.0000125233978720348
0.0000125134652282617
0.0000125033231823935
0.0000124928834407863
0.0000124822369582794
0.0000124712956564416
0.0000124601502722461
0.0000124487129750726
0.0000124370742941353
0.0000124251465890986
0.0000124130202270389
0.0000124006077619298
0.0000123879993605828
0.0000123751078058083
0.0000123620230569353
0.0000123486581072786
0.0000123351027309653
0.0000123212701147448
0.0000123072498453176
0.0000122929553303413
0.0000122784759562676
0.0000122637253295146
0.000012248792642398
0.0000122335917190546
0.0000122182115562574
0.0000122025661927603
0.0000121867444039762
0.0000121706604507336
0.0000121544029296755
0.0000121378862863456
0.0000121211989314619
0.0000121042555291814
0.0000120871442622509
0.0000120697800299461
0.0000120522508190926
0.0000120344717109465
0.0000120165305191803
0.0000119983425319473
0.0000119799953419923
0.0000119614044716573
0.0000119426573145859
0.0000119236695697323
0.0000119045284640441
0.0000118851499021338
0.000011865620885687
0.0000118458575476892
0.0000118259466952453
0.0000118058046483994
0.0000117855180327212
0.000011765003367724
0.0000117443470756584
0.0000117234658852037
0.0000117024460203649
0.0000116812044148562
0.0000116598270988573
0.0000116382311989166
0.0000116165025529958
0.0000115945584829356
0.0000115724846424383
0.0000115501985546864
0.0000115277856615693
0.0000115051636969109
0.0000114824179110663
0.0000114594662278211
0.0000114363937014686
0.0000114131184647269
0.0000113897253673399
0.0000113661327389234
0.0000113424252411651
0.0000113185213924437
0.0000112945056728675
0.0000112702967831701
0.0000112459790144138
0.0000112214712613663
0.0000111968576206908
0.0000111720571926415
0.0000111471538542998
0.0000111220669282361
0.0000110968800826297
0.000011071512832898
0.0000110460486607175
0.0000110204072666598
0.0000109946719423899
0.0000109687625846226
0.0000109427622883737
0.0000109165911353211
0.0000108903320386623
0.0000108639052595023
0.0000108373935253615
0.0000108107172928611
0.0000107839590866577
0.0000107570395519613
0.0000107300410255402
0.0000107028843475724
0.0000106756516472529
0.0000106482639648057
0.0000106208032388819
0.0000105931906856855
0.0000105655080592176
0.0000105376767717046
0.0000105097783624507
0.0000104817344414344
0.0000104536263674807
0.0000104253759295803
0.0000103970642844859
0.000010368613413593
0.000010340104281233
0.0000103114590642157
0.0000102827585228473
0.000010253925017293
0.0000102250391149081
0.0000101960233790685
0.0000101669581652123
0.0000101377662220028
0.0000101085277347756
0.0000100791656025246
0.0000100497598380284
0.0000100202335277076
0.00000999066648003682
0.00000996098197106266
0.00000993125961140877
0.00000990142286147418
0.00000987155115343333
0.00000984156811505752
0.00000981155298326341
0.00000978142957423952
0.00000975127693774952
0.00000972101906292032
0.00000969073480938358
0.00000966034834869426
0.00000962993834554646
0.00000959942915483551
0.00000956889925193969
0.00000953827316893393
0.00000950762918441772
0.00000947689201028433
0.00000944613974113915
0.00000941529726897242
0.00000938444248651197
0.00000935350046311183
0.00000932254891500373
0.00000929151308007017
0.00000926047047844446
0.00000922934653314775
0.0000091982185687129
0.00000916701218796627
0.00000913580452174491
0.00000910452134986161
0.00000907323961719255
0.00000904188527529408
0.00000901053507099438
0.00000897911514222246
0.00000894770204514891
0.00000891622208332334
0.00000888475163263836
0.00000885321715957606
0.00000882169485996781
0.00000879011137244376
0.00000875854269757213
0.00000872691565402672
0.00000869530604258769
0.00000866364086828918
0.00000863199573300425
0.00000860029781762695
0.0000085686225281721
0.00000853689722063401
0.00000850519711816069
0.0000084734497404043
0.00000844173012714175
0.00000840996596239563
0.00000837823210376537
0.00000834645639947166
0.00000831471351339038
0.00000828293148476714
0.00000825118476792304
0.00000821940157736769
0.0000081876561869372
0.00000815587696123332
0.00000812413800366901
0.00000809236784768798
0.00000806064039573343
0.00000802888435789648
0.00000799717344811455
0.0000079654365334204
0.00000793374716212634
0.00000790203435055602
0.00000787037145946457
0.00000783868768196488
0.00000780705617933416
0.00000777540632602743
0.00000774381108214437
0.00000771219999724737
0.0000076806458377397
0.00000764907831875555
0.00000761757002918019
0.0000075860508340579
0.00000755459314781865
0.00000752312699843924
0.00000749172460433845
0.00000746031616955035
0.00000742897372843672
0.00000739762762534691
0.00000736634972870878
0.00000733507055110798
0.00000730386175786305
0.00000727265403204768
0.00000724151885419254
0.00000721038707483854
0.00000717932997692558
0.00000714827857543592
0.0000071173039811614
0.00000708633735761027
0.0000070554496298288
0.00000702457213005281
0.00000699377559372435
0.00000696299151578311
0.00000693229044876754
0.00000690160403653153
0.00000687100266468184
0.0000068404181250341
0.00000680992061901157
0.00000677944210858492
0.00000674905259782178
0.00000671868421662027
0.00000668840677330322
0.00000665815257249384
0.00000662799123199818
0.00000659785521380613
0.00000656781395313442
0.00000653780006445792
0.00000650788280915868
0.00000647799495837025
0.00000644820558501025
0.00000641844761444888
0.00000638878994680734
0.00000635916566021042
0.00000632964346236915
0.00000630015660653213
0.00000627077361023118
0.00000624142787377979
0.00000621218774267871
0.00000618298677363722
0.00000615389312295595
0.00000612484050355469
0.00000609589689961725
0.00000606699616872236
0.00000603820611885116
0.0000060094607591476
0.00000598082772186177
0.00000595224116531782
0.0000059237685369716
0.00000589534416723331
0.00000586703529784875
0.0000058387764259069
0.00000581063462018201
0.00000578254450916035
0.00000575457300727899
0.00000572665488073731
0.00000569885686694282
0.00000567111388230962
0.00000564349248768681
0.00000561592775061034
0.00000558848605384545
0.0000055611026124488
0.00000553384363363771
0.00000550664448978727
0.0000054795711980524
0.00000545255929095881
0.00000542567459747206
0.00000539885280751714
0.00000537215957605956
0.0000053455307365043
0.00000531903176160969
0.00000529259864598308
0.00000526629667882461
0.00000524006200485847
0.00000521395973841255
0.00000518792616777878
0.00000516202623490485
0.0000051361963759318
0.00000511050136201187
0.00000508487776623739
0.00000505939018658946
0.00000503397535053019
0.00000500869767880334
0.00000498349403894091
0.00000495842868461167
0.000004933438633027
0.00000490858794846262
0.00000488381380833533
0.00000485918009727728
0.00000483462413826466
0.00000481020964829585
0.00000478587408460901
0.00000476168099649941
0.00000473756799557335
0.00000471359843813132
0.00000468971009952371
0.00000466596615550375
0.00000464230452459537
0.00000461878821144451
0.00000459535527712325
0.00000457206855858806
0.00000454886625765233
0.00000452581104272332
0.00000450284125633349
0.00000448001938674954
0.00000445728394122045
0.00000443469721876995
0.00000441219787111011
0.00000438984803778583
0.00000436758651004973
0.00000434547523901511
0.0000043234531818311
0.00000430158211306084
0.00000427980111633688
0.00000425817181969857
0.00000423663343749106
0.00000421524742513492
0.00000419395314347812
0.00000417281187488348
0.00000415176312827752
0.00000413086801248631
0.00000411006617720402
0.00000408941856136164
0.00000406886495586098
0.00000404846613544884
0.00000402816203630389
0.00000400801324743282
0.00000398795986430788
0.00000396806229136274
0.00000394826077431849
0.00000392861556067796
0.00000390906701112859
0.00000388967521984724
0.00000387038069491895
0.0000038512433517762
0.00000383220383705625
0.00000381332190585319
0.00000379453834926077
0.00000377591274270111
0.0000037573860220114
0.00000373901760368502
0.00000372074855044139
0.00000370263812477122
0.00000368462752248782
0.00000366677583188344
0.00000364902440344351
0.00000363143215816777
0.00000361394057280756
0.00000359660840904637
0.00000357937728998199
0.0000035623058031878
0.00000354533571472701
0.00000352852544485585
0.0000035118168980332
0.00000349526833149131
0.00000347882179165024
0.0000034625353626054
0.00000344635123866422
0.00000343032733061918
0.0000034144059772
0.00000339864492629186
0.00000338298665062171
0.00000336748873657115
0.00000335209378924025
0.00000333685923897314
0.00000332172783149828
0.00000330675682263032
0.00000329188910498111
0.00000327718177312987
0.00000326257784194137
0.00000324813426279775
0.00000323379417842702
0.00000321961437260915
0.00000320553814183538
0.00000319162209476587
0.00000317780966262847
0.00000316415730555232
0.00000315060858223327
0.00000313721978824026
0.00000312393463577788
0.00000311080923911917
0.00000309778745166978
0.00000308492524633498
0.00000307216659039932
0.00000305956730118966
0.00000304707149236064
0.00000303473480883901
0.00000302250150623323
0.00000301042707754528
0.00000299845590070747
0.0000029866433129465
0.0000029749338329503
0.00000296338263709258
0.00000295193438210877
0.00000294064407799147
0.00000292945652124751
0.00000291842657266542
0.0000029074991479105
0.0000028967289578157
0.00000288606106109036
0.00000287554999380811
0.00000286514096444389
0.00000285488834998698
0.00000284473747739375
0.00000283474259194851
0.0000028248491446311
0.00000281511121500671
0.00000280547440103135
0.00000279599262467468
0.00000278661160948727
0.00000277738512872069
0.00000276825904265989
0.00000275928696693086
0.0000027504148875995
0.00000274169627875521
0.00000273307725589971
0.00000272461113166624
0.00000271624416366282
0.00000270802950495626
0.00000269991355110952
0.00000269194929813693
0.00000268408328162957
0.00000267636832862016
0.00000266875112462887
0.00000266128433917205
0.00000265391478592953
0.00000264669498647547
0.00000263957188468038
0.00000263259785026052
0.00000262571995888212
0.00000261899043675048
0.00000261235648149539
0.00000260587016816498
0.00000259947883712041
0.00000259323441005963
0.00000258708434232399
0.00000258108042794743
0.00000257517024340792
0.00000256940542801206
0.00000256373370767836
0.00000255820654608993
0.00000255277181819427
0.00000254748084954911
0.00000254228161556259
0.00000253722531665153
0.00000253226005500164
0.00000252743687117903
0.00000252270401707763
0.00000251811237128546
0.00000251361031850279
0.00000250924859664465
0.00000250497571578186
0.00000250084226405106
0.0000024967968891219
0.00000249289003347487
0.00000248907046079675
0.00000248538848791011
0.00000248179299355075
0.00000247833414389436
0.00000247496097393241
0.00000247172347485125
0.00000246857082816443
0.00000246555288115121
0.00000246261893275618
0.00000245981869612355
0.00000245710159566847
0.00000245451720338331
0.00000245201507097916
0.00000244964462700346
0.00000244735554793544
0.00000244519712252727
0.00000244311916698412
0.00000244117080989379
0.00000243930200236315
0.00000243756173861651
0.00000243590008539187
0.00000243436590137096
0.00000243290938605623
0.0000024315792499715
0.00000243032582735458
0.00000242919767934712
0.00000242814526931032
0.00000242721702538527
0.00000242636353645738
0.00000242563308735053
0.00000242497639244242
0.0000024244416035909
0.00000242397955822
0.00000242363827326137
0.00000242336870904048
0.00000242321874246384
0.00000242313946957129
0.00000242317861399852
0.00000242328741707218
0.0000024235134511654
0.0000024238080891349
0.00000242421876745499
0.00000242469698008826
0.00000242529003236369
0.00000242594954423155
0.00000242672268167868
0.00000242756118965348
0.00000242851210180421
0.00000242952728880264
0.00000243065364428536
0.00000243184317327782
0.00000243314262928305
0.00000243450413863296
0.00000243597432561729
0.00000243750544375788
0.00000243914397744743
0.00000244084231028201
0.00000244264679033622
0.00000244450992671747
0.00000244647793352286
0.00000244850345139672
0.00000245063254994742
0.00000245281800151805
0.0000024551057480459
0.00000245744867304413
0.00000245989259743918
0.00000246239053196279
0.00000246498814974806
0.00000246763860298606
0.00000247038742717822
0.00000247318789377422
0.00000247608541793372
0.00000247903338712693
0.00000248207708503777
0.00000248517003410823
0.00000248835737587078
0.00000249159275830414
0.0000024949212013479
0.00000249829646929593
0.00000250176345003101
0.0000025052760490359
0.00000250887900424432
0.00000251252635364064
0.00000251626270938838
0.00000252004222789478
0.0000025239093936966
0.0000025278184919706
0.00000253181387358093
0.00000253584994542809
0.00000253997093926377
0.00000254413138011583
0.00000254837536619016
0.00000255265755822465
0.00000255702192394062
0.00000256142324239143
0.00000256590535568708
0.00000257042316668212
0.0000025750203941493
0.00000257965206228713
0.00000258436176223851
0.00000258910464405797
0.00000259392416959169
0.00000259877561514821
0.00000260370231597936
0.00000260865967410572
0.00000261369089513663
0.00000261875150607405
0.00000262388458411996
0.0000026290457876547
0.00000263427806282077
0.00000263953719033767
0.00000264486599757089
0.00000265022038348778
0.00000265564305154306
0.00000266109002419265
0.0000026666038868821
0.00000267214077600203
0.00000267774315371087
0.00000268336729159179
0.00000268905551242671
0.00000269476422036941
0.00000270053561485305
0.00000270632621817733
0.00000271217811231419
0.00000271804793721607
0.00000272397765680837
0.00000272992403325152
0.00000273592890551489
0.00000274194916138191
0.00000274802651473222
0.00000275411798294965
0.00000276026514941614
0.00000276642515898764
0.00000277263947409493
0.00000277886535574927
0.00000278514415855826
0.0000027914332562587
0.00000279777388717862
0.00000280412353818686
0.00000281052333573499
0.0000028169308939351
0.00000282338720709628
0.00000282985002172927
0.00000283636020580978
0.00000284287562484876
0.00000284943704065189
0.00000285600243247061
0.00000286261243687176
0.00000286922517045207
0.00000287588114056934
0.00000288253858146486
0.00000288923789434662
0.0000028959374279571
0.00000290267746198817
0.00000290941647858269
0.00000291619462926645
0.00000292297051940675
0.00000292978418761057
0.00000293659435547748
0.00000294344094530733
0.00000295028280849297
0.00000295715974127374
0.00000296403070974702
0.00000297093541304064
0.000002977832925181
0.00000298476282779433
0.0000029916843282658
0.0000029986368792191
0.00000300557981124554
0.00000301255246776607
0.00000301951429619886
0.00000302650452590159
0.00000303348272450356
0.00000304048800443714
0.00000304748005349974
0.00000305449787494366
0.00000306150127630518
0.00000306852914032638
0.00000307554139900731
0.00000308257682304906
0.00000308959546110144
0.0000030966359713305
0.00000310365852395056
0.00000311070166102027
0.00000311772567532099
0.00000312476899436199
0.00000313179203172929
0.00000313883310148195
0.00000314585274267378
0.00000315288914558904
0.00000315990297553712
0.00000316693231187307
0.0000031739379373012
0.00000318095782084569
0.00000318795286144448
0.00000319496092052129
0.00000320194301264534
0.00000320893689477884
0.00000321590369057655
0.00000322288105209224
0.00000322983022610459
0.00000323678874392148
0.00000324371797788176
0.00000325065534997059
0.0000032575623448613
0.00000326447628136987
0.00000327135875854672
0.00000327824698822722
0.00000328510268871062
0.00000329196295835469
0.00000329878963359197
0.00000330561971089346
0.00000331241513742295
0.00000331921280249921
0.00000332597477305781
0.00000333273782816458
0.00000333946415758286
0.00000334619042491799
0.00000335287894147807
0.0000033595662627859
0.00000336621481511899
0.00000337286105383181
0.00000337946751819093
0.00000338607054694577
0.00000339263281217091
0.000003399190538465
0.00000340570651169087
0.00000341221685954445
0.00000341868447156879
0.00000342514538197064
0.00000343156258893321
0.0000034379720226491
0.00000344433680089285
0.00000345069274159853
0.00000345700308399857
0.000003463303540617
0.00000346955746564613
0.00000347580046695274
0.00000348199600901112
0.00000348817960629975
0.00000349431483551866
0.00000350043709334998
0.00000350651009287292
0.00000351256911452504
0.00000351857798252553
0.00000352457188926148
0.00000353051475669287
0.00000353644168528337
0.00000354231671123522
0.00000354817482374681
0.00000355398018268832
0.00000355976767061926
0.00000356550156199144
0.00000357121663053759
0.00000357687727896851
0.00000358251817392402
0.00000358810381991755
0.00000359366879690957
0.00000359917771783041
0.00000360466505927118
0.00000361009555225333
0.00000361550356543969
0.00000362085395115028
0.00000362618097092066
0.00000363144958957971
0.00000363669397576874
0.00000364187919964339
0.00000364703933558132
0.00000365213956223204
0.00000365721385089422
0.00000366222750003513
0.00000366721437843079
0.00000367213989440553
0.000003677037822271
0.00000368187367625856
0.00000368668113695824
0.00000369142582943124
0.00000369614132905562
0.0000037007933843148
0.00000370541546242753
0.00000370997342551831
0.00000371450064344374
0.00000371896309140453
0.00000372339403891489
0.00000372775956979725
0.00000373209286288467
0.00000373636010713781
0.00000374059438452429
0.00000374476199665665
0.00000374889592207517
0.00000375296258398926
0.00000375699485879823
0.00000376095927186757
0.00000376488861490916
0.00000376874951783135
0.0000037725746744533
0.00000377633082881236
0.00000378005057315626
0.00000378370076614458
0.00000378731390242666
0.00000379085694728036
0.00000379436230179288
0.00000379779704571193
0.00000380119347111041
0.00000380451878133696
0.00000380780516533676
0.00000381101993136208
0.00000381419519019996
0.00000381729833895029
0.00000382036139815568
0.00000382335188849666
0.00000382630171900844
0.00000382917852059417
0.0000038320141163972
0.00000383477623394363
0.00000383749661447655
0.00000384014308860541
0.00000384274729398033
0.00000384527718511422
0.00000384776429465991
0.00000385017668915672
0.0000038525458085943
0.0000038548398196234
0.00000385709007663988
0.00000385926485196133
0.00000386139539999736
0.00000386345010974177
0.00000386546013862591
0.00000386739398257987
0.00000386928270420106
0.00000387109490524438
0.00000387286156094435
0.00000387455137730344
0.00000387619523494707
0.00000387776194231909
0.00000387928229741735
0.00000388072521152378
0.00000388212138309044
0.00000388343984184689
0.00000388471118402237
0.00000388590454451158
0.00000388705044074668
0.00000388811809745179
0.00000388913794659269
0.00000389007932357506
0.0000038909725569228
0.00000389178709918376
0.00000389255318416901
0.00000389324036130623
0.00000389387878281104
0.0000038944381037491
0.00000389494837589356
0.00000389537936503865
0.00000389576103332773
0.00000389606324749687
0.00000389631588015653
0.00000389648890533332
0.00000389661210039481
0.00000389665554225311
0.00000389664892669988
0.0000038965624238949
0.00000389642564599627
0.00000389620886999598
0.00000389594160367129
0.00000389559424258832
0.0000038951961982748
0.0000038947179665098
0.00000389418887914475
0.00000389357952502204
0.00000389291914912021
0.00000389217844272117
0.00000389138656431772
0.00000389051430644305
0.00000388959073742989
0.00000388858675356869
0.00000388753133011992
0.00000388639546986419
0.00000388520805968945
0.00000388394020026039
0.00000388262069331599
0.0000038812207400036
0.00000387976905068692
0.00000387823693301177
0.0000038766530061164
0.00000387498867874287
0.00000387327248236236
0.00000387147592643873
0.00000386962745768722
0.00000386769867979151
0.00000386571795365483
0.00000386365698909309
0.00000386154405468516
0.0000038593509571306
0.00000385710588417197
0.00000385478073977322
0.00000385240362251895
0.00000384994653974874
0.00000384743749978667
0.00000384484861187754
0.00000384220779382085
0.00000383948725753789
0.00000383671483476832
0.00000383386283107651
0.00000383095899809332
0.00000382797573609414
0.00000382494070908482
0.00000382182642182091
0.0000038186604462894
0.00000381541538565641
0.00000381211872999781
0.00000380874317715975
0.00000380531613045172
0.00000380181038632955
0.00000379825327168911
0.00000379461766628578
0.00000379093081325218
0.00000378716569595542
0.000003783349468191
0.00000377945521280219
0.00000377550999578334
0.00000377148699930369
0.00000376741320231119
0.00000376326188408514
0.0000037590599376327
0.00000375478074138865
0.00000375045109696102
0.00000374604448616242
0.00000374158762211406
0.00000373705407899027
0.00000373247049711935
0.00000372781053493547
0.00000372310074982252
0.00000371831489939185
0.00000371347945374228
0.0000037085682701274
0.00000370360772635811
0.00000369857177960036
0.00000369348672577988
0.00000368832661099168
0.0000036831176506719
0.00000367783398540222
0.00000367250174774878
0.00000366709516860758
0.00000366164029799437
0.00000365611146433036
0.0000036505346311124
0.00000364488421673749
0.00000363918610826681
0.00000363341481475461
0.00000362759613875789
0.00000362170468435176
0.00000361576616740417
0.00000360975528906483
0.00000360369768181798
0.0000035975681354144
0.00000359139220149524
0.00000358514476508113
0.00000357885129193513
0.00000357248675962662
0.00000356607655167768
0.00000355959573811163
0.00000355306961839112
0.00000354647335588861
0.0000035398321650966
0.00000353312130486166
0.00000352636590341778
0.00000351954131229359
0.00000351267257900937
0.00000350573514389993
0.00000349875397265052
0.00000349170459606759
0.00000348461190154991
0.00000347745150505712
0.00000347024821573691
0.00000346297773631243
0.00000345566479793172
0.00000344828519269387
0.00000344086356710121
0.00000343337580548105
0.00000342584647390582
0.00000341825154236434
0.00000341061549963717
0.00000340291440373822
0.00000339517265926451
0.00000338736641690018
0.00000337951999855673
0.00000337160964138046
0.00000336365959169321
0.00000335564617278089
0.00000334759354524984
0.00000333947812715873
0.00000333132399797638
0.00000332310765829899
0.00000331485311154927
0.00000330653694416844
0.00000329818307501326
0.00000328976819188743
0.00000328131611998404
0.00000327280363342626
0.0000032642544870122
0.00000325564553445653
0.0000032470004541929
0.00000323829618435576
0.00000322955632146002
0.00000322075789300866
0.00000321192441590777
0.0000032030330054004
0.00000319410709314941
0.00000318512388163435
0.00000317610672865824
0.00000316703291439543
0.00000315792572323381
0.00000314876251636753
0.00000313956650098661
0.00000313031512370793
0.00000312103151058691
0.0000031116931949056
0.00000310232322089459
0.00000309289921254635
0.00000308344412478267
0.0000030739356750879
0.0000030643967379719
0.00000305480510903244
0.00000304518359026275
0.00000303551005992514
0.0000030258072385985
0.00000301605308726257
0.00000300627025462783
0.00000299643677770674
0.00000298657523109582
0.00000297666373246755
0.00000296672477919965
0.00000295673657164003
0.00000294672152744036
0.0000029366579325208
0.00000292656812273647
0.00000291643046963922
0.0000029062672269885
0.00000289605685304496
0.00000288582152179601
0.00000287553976871413
0.00000286523369912816
0.00000285488192230321
0.00000284450646810255
0.00000283408602883685
0.00000282364255497824
0.00000281315482098483
0.00000280264469602259
0.00000279209103879222
0.00000278151564391624
0.00000277089744502336
0.0000027602581620869
0.00000274957680723403
0.00000273887502484106
0.0000027281319097088
0.00000271736902240379
0.00000270656554336301
0.00000269574295507883
0.00000268488051156397
0.00000267399962781837
0.00000266307963372412
0.00000265214186308158
0.00000264116572967504
0.00000263017248839462
0.00000261914163160771
0.0000026080943425817
0.00000259701018397155
0.00000258591027060358
0.00000257477423826911
0.00000256362312259592
0.00000255243664699397
0.00000254123576249822
0.00000253000027794032
0.00000251875105905465
0.00000250746799558415
0.00000249617188418596
0.00000248484268064718
0.00000247350111528626
0.00000246212721464089
0.00000245074163509058
0.00000243932448308403
0.00000242789633202835
0.00000241643737376501
0.00000240496810089953
0.00000239346878158636
0.00000238195983369603
0.00000237042160271462
0.00000235887442977977
0.00000234729873616787
0.00000233571478946745
0.00000232410308297519
0.00000231248381371292
0.0000023008375462255
0.00000228918440561762
0.00000227750502874408
0.00000226581946738623
0.00000225410843546614
0.00000224239190501688
0.00000223065066765199
0.0000022189046209624
0.00000220713462928856
0.0000021953605181876
0.0000021835632212525
0.00000217176249571247
0.00000215993934549059
0.00000214811345318541
0.00000213626589835655
0.00000212441628726263
0.000002112545774283
0.00000210067389197024
0.0000020887818654983
0.00000207688915547232
0.00000206497706086603
0.00000205306496516525
0.00000204113424112596
0.0000020292042027388
0.00000201725628843578
0.00000200530974234223
0.0000019933460760424
0.00000198138445499187
0.00000196940647095675
0.00000195743120858167
0.00000194544033389715
0.00000193345285828433
0.00000192145052091446
0.00000190945225915043
0.00000189743988021217
0.00000188543225101632
0.00000187341125052879
0.00000186139567361315
0.00000184936746528944
0.00000183734535232301
0.00000182531134863655
0.00000181328410667735
0.00000180124571261964
0.00000178921474650887
0.00000177717336394217
0.00000176514007147061
0.00000175309709672167
0.0000017410628724408
0.0000017290196946868
0.00000171698592758893
0.00000170494393378525
0.00000169291200386738
0.00000168087257335291
0.00000166884386019999
0.00000165680836503644
0.00000164478423916122
0.00000163275404771589
0.00000162073587277307
0.00000160871234927305
0.00000159670148098077
0.00000158468597800878
0.00000157268377043659
0.0000015606776341378
0.00000154868543306234
0.00000153669000478881
0.00000152470914641643
0.00000151272576127476
0.00000150075757493837
0.00000148878755926151
0.00000147683336791694
0.00000146487804052955
0.00000145293915718762
0.0000014409998298364
0.00000142907756461019
0.00000141715553708989
0.00000140525118904115
0.00000139334775847707
0.00000138146261759487
0.00000136957906965637
0.00000135771441757654
0.0000013458520316265
0.0000013340091405105
0.00000132216918684617
0.00000131034932302368
0.00000129853305926206
0.00000128673747950949
0.00000127494615664508
0.00000126317610777913
0.00000125141096987756
0.00000123966768753757
0.00000122792996504488
0.00000121621467983066
0.00000120450559533903
0.00000119281952404412
0.00000118114029249292
0.00000116948464278564
0.0000011578364666347
0.00000114621243678387
0.00000113459650976849
0.00000112300528823403
0.0000011114227932408
0.00000109986555712153
0.00000108831766571753
0.00000107679558349269
0.00000106528345767241
0.00000105379768568623
0.00000104232247733799
0.00000103087415995151
0.00000101943700983112
0.00000100802728384023
0.000000996629319101134
0.000000985259308082952
0.00000097390164836443
0.00000096257246492871
0.000000951256216189533
0.000000939968960274472
0.000000928695219328097
0.000000917450982113374
0.000000906220831628621
0.000000895020690428889
0.000000883835204105218
0.000000872680223897211
0.000000861540461702841
0.000000850431698946559
0.000000839338708137403
0.000000828277205006596
0.000000817232020997796
0.000000806218808542563
0.000000795222458976536
0.000000784258552493016
0.00000077331204593855
0.000000762398454818984
0.000000751502790965793
0.000000740640507518855
0.000000729796674224266
0.000000718986676172674
0.000000708195648946251
0.000000697438907251413
0.0000006867016452367
0.000000675999113607596
0.000000665316566283713
0.000000654669188085381
0.000000644042292157251
0.000000633450996803377
0.000000622880672322721
0.000000612346375966316
0.000000601833534301188
0.000000591357138685538
0.000000580902677036389
0.000000570485072093697
0.000000560089873269896
0.000000549731935242608
0.000000539396868719917
0.000000529099462250853
0.000000518825381778238
0.00000050858935621466
0.000000498377107708942
0.00000048820329573874
0.000000478053708137901
0.000000467942934414683
0.00000045785682018295
0.000000447809894967508
0.00000043778805698344
0.000000427805772884651
0.000000417848999642816
0.000000407932136603807
0.000000398041200941243
0.000000388190528746804
0.000000378366190696565
0.000000368582459977048
0.000000358825465606353
0.000000349109414814704
0.000000339420496398181
0.000000329772853176488
0.000000320152726662324
0.000000310574199004982
0.00000030102357024324
0.000000291514854385134
0.000000282034412139053
0.000000272596191716551
0.000000263186609541399
0.000000253819552716907
0.000000244481491912176
0.000000235186252518479
0.000000225920357905394
0.00000021669757550822
0.000000207504482104395
0.000000198354779028002
0.000000189235104678711
0.000000180159091537011
0.000000171113438897516
0.000000162111713784961
0.000000153140668895264
0.000000144213815173306
0.000000135317952790804
0.000000126466535093642
0.000000117646418010081
0.000000108870988188369
0.000000100127160010533
0.0000000914282580771911
0.0000000827612487957872
0.0000000741393978638073
0.0000000655497241982398
0.0000000570054320730983
0.0000000484935973583312
0.0000000400273598149271
0.0000000315938493501787
0.0000000232061463507688
0.0000000148514332912673
0.00000000654272877285136
-0.00000000173272819460564
-0.00000000996198122434307
-0.0000000181577397954715
-0.000000026307106944501
-0.0000000344227374719414
-0.000000042491796052686
-0.0000000505268838344754
-0.000000058515225794741
-0.0000000664693715569996
-0.0000000743766060372241
-0.0000000822494237508986
-0.0000000900751715879216
-0.0000000978662910137564
-0.000000105610186556596
-0.000000113319252580293
-0.000000120980949253296
-0.000000128607616996842
-0.000000136186779888031
-0.000000143730721677586
-0.000000151227029961849
-0.000000158687934660285
-0.000000166101080955855
-0.000000173478650492842
-0.000000180808343630341
-0.000000188102292036803
-0.000000195348255862048
-0.000000202558312075871
-0.000000209720284724228
-0.000000216846192764023
-0.000000223923922078392
-0.000000230965443158035
-0.000000237958695762282
-0.000000244915601822288
-0.000000251824157483309
-0.000000258696232608153
-0.000000265519886224409
-0.000000272306933615351
-0.000000279045490501695
-0.000000285747325429966
-0.000000292400608710864
-0.000000299017057613332
-0.000000305584904348425
-0.000000312115811676469
-0.000000318598068940682
-0.000000325043291700773
-0.000000331439825547294
-0.00000033779923281522
-0.000000344109919255725
-0.000000350383396773696
-0.000000356608127535228
-0.000000362795572621217
-0.000000368934250784822
-0.000000375035576463367
-0.000000381088121810022
-0.000000387103251819754
-0.000000393069597042659
-0.000000398998469939947
-0.000000404878558853677
-0.000000410721128468959
-0.000000416514921352152
-0.000000422271151281523
-0.000000427978619343944
-0.000000433648489700272
-0.000000439269618105621
-0.00000044485312119084
-0.000000450387909396976
-0.000000455885049424255
-0.000000461333509222651
-0.000000466744304618602
-0.000000472106458915813
-0.000000477430942642603
-0.000000482706830315349
-0.000000487945043802672
-0.000000493134715837365
-0.000000498286717751173
-0.000000503390236472049
-0.000000508456095044263
-0.000000513473537251452
-0.000000518453335499658
-0.00000052338478814287
-0.00000052827862218156
-0.000000533124185546656
-0.00000053793216099792
-0.000000542691950405368
-0.000000547414186176332
-0.000000552088327360224
-0.000000556724955572311
-0.000000561313584367792
-0.000000565864749994328
-0.000000570368016402526
-0.000000574833874152887
-0.000000579251942510126
-0.000000583632659323942
-0.000000587965700664524
-0.000000592261457607201
-0.000000596509658049293
-0.000000600720646306615
-0.000000604884202199733
-0.000000609010625090436
-0.000000613089745967783
-0.000000617131816599347
-0.000000621126722519797
-0.00000062508466713664
-0.000000628995589367819
-0.000000632869644807661
-0.000000636696826230896
-0.000000640487240022021
-0.000000644230933569065
-0.000000647937967439993
-0.000000651598437866132
-0.000000655222359955529
-0.000000658799882788733
-0.000000662340974327241
-0.000000665835835848218
-0.000000669294389192977
-0.000000672706886018336
-0.000000676083202668311
-0.000000679413642328708
-0.000000682708035893255
-0.000000685956735240802
-0.000000689169528121495
-0.000000692336816891783
-0.000000695468341318854
-0.000000698554556285046
-0.000000701605156402115
-0.000000704610646010076
-0.000000707580674951728
-0.000000710505797200869
-0.000000713395617510911
-0.000000716240740831026
-0.000000719050724144788
-0.000000721816225619823
-0.000000724546754699146
-0.000000727233020929768
-0.000000729884488195419
-0.000000732491914181823
-0.000000735064720832952
-0.000000737593712016185
-0.00000074008826768464
-0.000000742539239520433
-0.000000744955962072291
-0.000000747329337866298
-0.000000749668655188473
-0.000000751964868020386
-0.000000754227216833587
-0.000000756446706477976
-0.000000758632532103362
-0.000000760775747632102
-0.000000762885504662911
-0.000000764952904325692
-0.000000766987054068474
-0.00000076897910290905
-0.000000770938116123071
-0.000000772855289069563
-0.000000774739643209414
-0.000000776582422954248
-0.000000778392603020726
-0.000000780161480304963
-0.000000781897981040749
-0.000000783593451553928
-0.000000785256776070533
-0.000000786879344939634
-0.00000078847000138677
-0.000000790020180664578
-0.000000791538685659001
-0.00000079301699729911
-0.000000794463873414872
-0.000000795870842331916
-0.000000797246620957723
-0.000000798582782491218
-0.000000799888000528608
-0.000000801153895542552
-0.000000802389096652635
-0.000000803585271850761
-0.000000804751007809695
-0.000000805878018037257
-0.000000806974845228384
-0.000000808033251130735
-0.000000809061732551973
-0.000000810052100274787
-0.000000811012807379589
-0.000000811935708412094
-0.000000812829217804166
-0.000000813685231049355
-0.000000814512122941922
-0.000000815301834298683
-0.000000816062695407409
-0.00000081678669471634
-0.000000817482118593273
-0.0000008181410011637
-0.000000818771587008686
-0.000000819365953690651
-0.000000819932304184586
-0.000000820462762043995
-0.00000082096548615312
-0.000000821432645711997
-0.000000821872357632858
-0.000000822276835810311
-0.000000822654154117208
-0.000000822996570792748
-0.000000823312119593368
-0.000000823593100508818
-0.000000823847506808429
-0.000000824067683622716
-0.000000824261579890609
-0.000000824421585536082
-0.000000824555608650169
-0.000000824656081890754
-0.000000824730873097475
-0.000000824772456288099
-0.000000824788659654082
-0.000000824772000531387
-0.000000824730263798863
-0.00000082465601238508
-0.000000824556988462898
-0.000000824425797878897
-0.000000824270142768595
-0.000000824082670150577
-0.000000823871042956239
-0.000000823627949763126
-0.000000823361011835216
-0.000000823062961607692
-0.000000822741379214876
-0.000000822389037581685
-0.000000822013479672846
-0.000000821607517422739
-0.000000821178653107534
-0.000000820719743494894
-0.000000820238246788256
-0.000000819727063577517
-0.00000081919361269067
-0.000000818630832445048
-0.000000818046104612436
-0.000000817432408368751
-0.000000816797084558457
-0.000000816133153512509
-0.000000815447916154045
-0.00000081473443528291
-0.000000813999968856151
-0.000000813237623138999
-0.000000812454615813268
-0.000000811644091570878
-0.000000810813230672767
-0.000000809955218246019
-0.000000809077193896268
-0.000000808172382649081
-0.000000807247886577814
-0.000000806296967985415
-0.000000805326692302695
-0.000000804330360262385
-0.000000803314997185563
-0.000000802273946643326
-0.000000801214190689953
-0.000000800129114961265
-0.000000799025662451321
-0.000000797897257533655
-0.000000796750803946001
-0.000000795579765605213
-0.000000794391008249303
-0.000000793178032928988
-0.000000791947668108972
-0.00000079069345323853
-0.00000078942217823321
-0.000000788127421069914
-0.000000786815932771249
-0.000000785481331174397
-0.00000078413032637301
-0.000000782756577436176
-0.000000781366755329769
-0.000000779954554505661
-0.000000778526611619802
-0.000000777076656811863
-0.000000775611288135189
-0.000000774124277091543
-0.000000772622179522768
-0.00000077109880592342
-0.000000769560676485727
-0.000000768001635594095
-0.00000076642816786272
-0.000000764834154973428
-0.000000763226042069893
-0.000000761597750561925
-0.000000759955685907559
-0.000000758293806677478
-0.000000756618482726008
-0.000000754923708750092
-0.000000753215815085371
-0.000000751488833957491
-0.000000749749061015493
-0.000000747990562384317
-0.000000746219596670841
-0.000000744430267029036
-0.000000742628794525727
-0.000000740809319428294
-0.000000738978024466726
-0.000000737129087523637
-0.000000735268652871145
-0.000000733390934698032
-0.000000731502041131011
-0.000000729596220920541
-0.00000072767954753352
-0.000000725746302763429
-0.000000723802524375028
-0.00000072184253141881
-0.000000719872322052303
-0.00000071788625247578
-0.000000715890285369431
-0.000000713878808982988
-0.000000711857752194714
-0.000000709821538048192
-0.000000707776057524235
-0.000000705715770146813
-0.000000703646530239572
-0.000000701562831902932
-0.000000699470493103761
-0.000000697364043482479
-0.000000695249264531151
-0.000000693120719509705
-0.00000069098415462741
-0.000000688834168155766
-0.000000686676469135963
-0.000000684505691302684
-0.000000682327507624719
-0.000000680136584379582
-0.000000677938560849205
-0.000000675728136718974
-0.000000673510914739901
-0.000000671281629593118
-0.00000066904584815021
-0.000000666798337970173
-0.000000664544631457823
-0.000000662279529980449
-0.000000660008528993263
-0.0000006577264642679
-0.000000655438797081755
-0.000000653140394559531
-0.000000650836683951149
-0.000000648522564842749
-0.000000646203429963089
-0.000000643874212382134
-0.000000641540268283309
-0.000000639196564692039
-0.000000636848423090997
-0.000000634490842294507
-0.000000632129110075151
-0.000000629758256791377
-0.00000062738353625156
-0.000000625000011471569
-0.000000622612901286793
-0.000000620217300038257
-0.000000617818393614292
-0.000000615411308046441
-0.000000613001193697147
-0.000000610583211084317
-0.000000608162474583822
-0.000000605734175259348
-0.000000603303396990642
-0.000000600865359978238
-0.00000059842511355951
-0.000000595977910769817
-0.000000593528767311901
-0.000000591072966702718
-0.000000588615491566597
-0.000000586151656157903
-0.000000583686408785792
-0.000000581215096420559
-0.000000578742633433186
-0.000000576264396547525
-0.00000057378526677896
-0.000000571300653431433
-0.000000568815402670935
-0.000000566324954851896
-0.00000056383412335266
-0.00000056133837720596
-0.000000558842499324697
-0.000000556341988115169
-0.000000553841592493243
-0.000000551336841443656
-0.000000548832452718352
-0.000000546323983296496
-0.000000543816118560607
-0.000000541304447351756
-0.00000053879361911975
-0.000000536279254890616
-0.000000533765971282831
-0.000000531249418382265
-0.000000528734181051776
-0.00000052621593838728
-0.000000523699242719848
-0.000000521179802617474
-0.00000051866213980533
-0.000000516141989376314
-0.000000513623842855002
-0.000000511103465183567
-0.000000508585312818485
-0.000000506065182475949
-0.000000503547498297687
-0.000000501028084414789
-0.000000498511335663565
-0.00000049599310237931
-0.000000493477748924907
-0.000000490961154681563
-0.000000488447651224228
-0.000000485933147854974
-0.00000048342194380945
-0.000000480909977105852
-0.000000478401515404242
-0.000000475892524668052
-0.000000473387241968404
-0.000000470881661397895
-0.000000468379988800263
-0.000000465878245544612
-0.000000463380607203314
-0.000000460883123140869
-0.000000458389937334648
-0.000000455897127721957
-0.000000453408806958353
-0.000000450921080296744
-0.000000448438031248626
-0.000000445955790211823
-0.000000443478411555572
-0.000000441002053799214
-0.000000438530739251056
-0.000000436060654227365
-0.000000433595791191514
-0.000000431132363233425
-0.000000428674332569459
-0.000000426217939334804
-0.000000423767115520992
-0.000000421318128377219
-0.000000418874879561588
-0.000000416433663736259
-0.000000413998351647723
-0.000000411565265262814
-0.000000409138246609515
-0.000000406713642073156
-0.000000404295265093149
-0.00000040187948807605
-0.000000399470095897898
-0.000000397063486416755
-0.000000394663414831566
-0.000000392266306309165
-0.00000038987588536512
-0.000000387488603923713
-0.000000385108158178509
-0.000000382731023985817
-0.000000380360869795168
-0.000000377994197301066
-0.000000375634645053377
-0.000000373278742036039
-0.000000370930096583113
-0.000000368585263241222
-0.00000036624782281989
-0.000000363914354094228
-0.000000361588409895196
-0.000000359266594244674
-0.000000356952431529528
-0.0000003546425505947
-0.00000035234044785079
-0.000000350042777364048
-0.000000347753006919384
-0.000000345467815789979
-0.000000343190643812582
-0.000000340918194737199
-0.000000338653880516875
-0.000000336394430269056
-0.000000334143226713718
-0.000000331897024582192
-0.000000329659179392405
-0.000000327426468956119
-0.000000325202222173414
-0.000000322983240887703
-0.000000320772826649485
-0.000000318567805509508
-0.000000316371451754668
-0.000000314180615330211
-0.000000311998543360602
-0.000000309822110188882
-0.000000307654535502794
-0.000000305492717213051
-0.000000303339849108193
-0.000000301192851810666
-0.000000299054892051967
-0.00000029692291585622
-0.000000294800061920524
-0.000000292683299474131
-0.000000290575741458361
-0.000000288474380224607
-0.00000028638230215923
-0.000000284296523382213
-0.000000282220103533529
-0.000000280150082015043
-0.000000278089492325569
-0.000000276035396761482
-0.000000273990803076031
-0.000000271952796212804
-0.000000269924358560372
-0.000000267902597399235
-0.00000026589046894975
-0.000000263885104370351
-0.000000261889433192548
-0.000000259900609494245
-0.000000257921537761587
-0.000000255949393984659
-0.000000253987056925777
-0.000000252031726297141
-0.000000250086254109727
-0.000000248147863029847
-0.000000246219380502022
-0.000000244298050172727
-0.000000242386675218054
-0.000000240482521519136
-0.000000238588366394726
-0.000000236701498684729
-0.000000234824670702123
-0.000000232955192624616
-0.000000231095792690679
-0.000000229243803193651
-0.000000227401926360044
-0.000000225567517633411
-0.000000223743254540337
-0.000000221926513202926
-0.00000022011994804747
-0.000000218320955720267
-0.000000216532167090736
-0.000000214750999982194
-0.000000212980060677178
-0.000000211216789451315
-0.000000209463767822957
-0.000000207718457316255
-0.000000205983415617656
-0.000000204256125635476
-0.000000202539121015242
-0.000000200829905913774
-0.000000199130990263123
-0.0000001974398992162
-0.000000195759118983602
-0.000000194086196057143
-0.000000192423592561195
-0.000000190768876418825
-0.000000189124486462273
-0.000000187488010411806
-0.000000185861864933636
-0.000000184243657875879
-0.000000182635782848933
-0.000000181035868550698
-0.000000179446285190299
-0.000000177864681857969
-0.000000176293406817164
-0.000000174730128418063
-0.000000173177172416335
-0.000000171632228313893
-0.000000170097598225511
-0.000000168570991925948
-0.000000167054689734076
-0.000000165546420947604
-0.000000164048443457404
-0.000000162558507041983
-0.000000161078846778374
-0.000000159607232505142
-0.000000158145877751454
-0.00000015669257141681
-0.000000155249505308966
-0.000000153814488057731
-0.00000015238968942503
-0.000000150972937728809
-0.000000149566381221814
-0.000000148167867617063
-0.000000146779523341438
-0.000000145399215849271
-0.000000144029049592457
-0.000000142666911868341
-0.00000014131488559473
-0.000000139970877167213
-0.000000138636948454215
-0.000000137311024603995
-0.000000135995146913129
-0.000000134687259234947
-0.000000133389381773518
-0.00000013209947760816
-0.000000130819546153785
-0.000000129547569026346
-0.000000128285525003784
-0.000000127031414563616
-0.000000125787195545534
-0.000000124550887818104
-0.000000123324428085764
-0.000000122105854674869
-0.000000120897084466969
-0.000000119696174210272
-0.000000118505020088778
-0.000000117321697617068
-0.000000116148082981104
-0.000000114982269486634
-0.000000113826113640158
-0.000000112677727479876
-0.000000111538946386639
-0.000000110407901681726
-0.0000001092864087499
-0.000000108172616289651
-0.000000107068321044913
-0.000000105971688715553
-0.000000104884497185801
-0.000000103804930045706
-0.000000102734745462719
-0.00000010167214478557
-0.000000100618867058208
-0.0000000995731314417013
-0.0000000985366577802988
-0.0000000975076828333959
-0.0000000964879071099593
-0.0000000954755852046325
-0.0000000944723987848364
-0.0000000934766196969284
-0.0000000924899110630763
-0.0000000915105616205952
-0.0000000905402162441498
-0.0000000895771809543585
-0.0000000886230819307625
-0.0000000876762421491783
-0.0000000867382697474472
-0.0000000858075046426035
-0.0000000848855366196869
-0.0000000839707228703715
-0.0000000830646346026405
-0.0000000821656461017236
-0.000000081275310670704
-0.0000000803920192466172
-0.0000000795173071195911
-0.0000000786495822439362
-0.0000000777903619800708
-0.0000000769380707605815
-0.0000000760942084959437
-0.0000000752572160196139
-0.000000074428575718803
-0.0000000736067452253355
-0.0000000727931890368511
-0.0000000719863811539257
-0.0000000711877691360714
-0.0000000703958431385144
-0.0000000696120332476745
-0.0000000688348463047151
-0.0000000680656950111652
-0.0000000673031021844121
-0.0000000665484641234981
-0.0000000658003191623897
-0.0000000650600470868737
-0.0000000643262020592541
-0.0000000636001470351115
-0.0000000628804523293867
-0.0000000621684638259661
-0.0000000614627681388573
-0.0000000607646945667947
-0.0000000600728453647152
-0.0000000593885333841731
-0.0000000587103764068268
-0.0000000580396712389137
-0.000000057375051567609
-0.0000000567177972966102
-0.0000000560665578592328
-0.0000000554225974060582
-0.0000000547845804437027
-0.0000000541537555285973
-0.0000000535288021339861
-0.0000000529109532340234
-0.000000052298903522409
-0.0000000516938701231284
-0.0000000510945630802219
-0.0000000505021839172336
-0.0000000499154574672136
-0.0000000493355701875152
-0.0000000487612617593055
-0.0000000481937030538012
-0.0000000476316490681933
-0.0000000470762552920712
-0.000000046526291324918
-0.0000000459828977623444
-0.0000000454448589202873
-0.0000000449133004203403
-0.0000000443870211693841
-0.0000000438671318886908
-0.0000000433524460613725
-0.0000000428440597946124
-0.0000000423408007919564
-0.0000000418437506519152
-0.0000000413517517176714
-0.0000000408658706453931
-0.0000000403849642538638
-0.0000000399100848613384
-0.0000000394401033632202
-0.0000000389760580638654
-0.0000000385168336026816
-0.0000000380634543636547
-0.0000000376148190473521
-0.0000000371719379217677
-0.0000000367337235447415
-0.0000000363011723960116
-0.0000000358732110274387
-0.0000000354508216414444
-0.0000000350329449899325
-0.0000000346205494949126
-0.0000000342125893501855
-0.0000000338100198523934
-0.0000000334118082032906
-0.0000000330188968000488
-0.0000000326302663586906
-0.0000000322468454151494
-0.0000000318676284097302
-0.0000000314935306420124
-0.0000000311235598240515
-0.000000030758618262716
-0.0000000303977269653704
-0.0000000300417750863836
-0.0000000296897967810457
-0.0000000293426684140681
-0.0000000289994371626071
-0.000000028660966626445
-0.0000000283263171537108
-0.0000000279963392905533
-0.0000000276701065490509
-0.0000000273484570171315
-0.0000000270304767818909
-0.000000026716991640162
-0.0000000264071005076318
-0.0000000261016166527744
-0.000000025799651729386
-0.0000000255020066736805
-0.0000000252078059875665
-0.0000000249178382821011
-0.0000000246312406001851
-0.0000000243487895067275
-0.0000000240696344038271
-0.0000000237945401480358
-0.0000000235226682503429
-0.0000000232547719579374
-0.0000000229900249095181
-0.0000000227291686691923
-0.000000022471389113903
-0.0000000222174160425094
-0.0000000219664476860941
-0.0000000217192021074068
-0.0000000214748896141876
-0.0000000212342170374
-0.0000000209964063442257
-0.0000000207621532810708
-0.0000000205306915567644
-0.0000000203027058761809
-0.0000000200774415601762
-0.0000000198555722241451
-0.0000000196363549404505
-0.0000000194204524556359
-0.0000000192071333400873
-0.0000000189970491891864
-0.0000000187894805392489
-0.0000000185850680874876
-0.0000000183831036470054
-0.0000000181842174106642
-0.0000000179877123116597
-0.0000000177942083266139
-0.0000000176030194173854
-0.0000000174147551357288
-0.0000000172287405939383
-0.0000000170455750798649
-0.0000000168645947600136
-0.0000000166863885840853
-0.0000000165103038165972
-0.0000000163369192215438
-0.0000000161655931255487
-0.0000000159968941364762
-0.000000015830191166212
-0.0000000156660432830284
-0.0000000155038298931
-0.0000000153441003102118
-0.000000015186244776717
-0.0000000150308024356862
-0.0000000148771745049976
-0.0000000147258902785475
-0.0000000145763615449341
-0.000000014429108172542
-0.0000000142835519943171
-0.0000000141402037771735
-0.0000000139984955387132
-0.0000000138589287234726
-0.0000000137209456574591
-0.0000000135850384013642
-0.0000000134506595479259
-0.0000000133182919502965
-0.000000013187398276163
-0.0000000130584523885587
-0.0000000129309267607094
-0.0000000128052866262853
-0.0000000126810140495678
-0.0000000125585654560535
-0.0000000124374328755042
-0.0000000123180638420407
-0.0000000121999601449888
-0.0000000120835607593543
-0.0000000119683768974273
-0.0000000118548390800777
-0.0000000117424682108552
-0.0000000116316861340479
-0.0000000115220232006347
-0.0000000114138931289202
-0.0000000113068354227307
-0.0000000112012555878045
-0.0000000110967024962112
-0.0000000109935733292416
-0.0000000108914261917952
-0.0000000107906504021275
-0.0000000106908128513666
-0.0000000105922950341927
-0.0000000104946729634113
-0.0000000103983200245955
-0.0000000103028212525227
-0.000000010208542412833
-0.0000000101150770751832
-0.0000000100227834960255
-0.00000000993126402536545
-0.00000000984086921685326
-0.00000000975121011506478
-0.00000000966262984281721
-0.00000000957474786377428
-0.00000000948789999792646
-0.00000000940171424626454
-0.00000000931651899646682
-0.00000000923195060267564
-0.00000000914833042140748
-0.00000000906530295646161
-0.00000000898318246500352
-0.00000000890162170348521
-0.00000000882092785273163
-0.00000000874076178084947
-0.00000000866142377495397
-0.00000000858258272734269
-0.00000000850453199782039
-0.00000000842694850266276
-0.00000000835011882431394
-0.00000000827372768595541
-0.00000000819805510799253
-0.00000000812279342905474
-0.00000000804821622731275
-0.00000000797402342715388
-0.00000000790048213087609
-0.00000000782729986515215
-0.00000000775473735149475
-0.00000000768250957243756
-0.00000000761087097033782
-0.00000000753954383781869
-0.00000000746877653807293
-0.00000000739829860298716
-0.00000000732835227541018
-0.00000000725867433294874
-0.00000000718950088622579
-0.00000000712057589726953
-0.0000000070521295797019
-0.00000000698391287690684
-0.00000000691615015238634
-0.00000000684859926143812
-0.00000000678147883475916
-0.00000000671455357544993
-0.00000000664803643381612
-0.00000000658169884243106
-0.00000000651574819539374
-0.00000000644996253841533
-0.00000000638454381251516
-0.00000000631927662766624
-0.00000000625435750515431
-0.00000000618957749248873
-0.00000000612512780883564
-0.00000000606080590936811
-0.00000000599679779250832
-0.00000000593290712537048
-0.00000000586931480141096
-0.0000000058058307026183
-0.00000000574263061121742
-0.00000000567953054455691
-0.00000000561670131439289
-0.00000000555396491681757
-0.00000000549148726430137
-0.00000000542909632772482
-0.00000000536695319068663
-0.00000000530489160871772
-0.00000000524306797050001
-0.00000000518132175899797
-0.00000000511980475328891
-0.00000000505836202737472
-0.00000000499714083641341
-0.00000000493599180765561
-0.00000000487505767529707
-0.00000000481419459017044
-0.00000000475354085738924
-0.00000000469295800742065
-0.00000000463258001897192
-0.00000000457227370489075
-0.00000000451216883201625
-0.00000000445213736132518
-0.00000000439230492456305
-0.00000000433254861369345
-0.00000000427298994257791
-0.00000000421351101656687
-0.00000000415422939212506
-0.0000000040950320354289
-0.00000000403603262707366
-0.00000000397712296147743
-0.00000000391841284650699
-0.00000000385979883700686
-0.00000000380138700600547
-0.00000000374307850539451
-0.0000000036849757570476
-0.00000000362698446386552
-0.00000000356920344064144
-0.00000000351154286223034
-0.00000000345409800564768
-0.00000000339678342398418
-0.00000000333969096743862
-0.00000000328273943132705
-0.00000000322601732595036
-0.00000000316944763100913
-0.00000000311311557140829
-0.00000000305694819525411
-0.00000000300102755626273
-0.00000000294528467558478
-0.0000000028897984812069
-0.00000000283450392017372
-0.00000000277947684987001
-0.00000000272465602105636
-0.00000000267011435899213
-0.00000000261579429479245
-0.00000000256176586998742
-0.0000000025079751494815
-0.00000000245448935356455
-0.00000000240125807520769
-0.00000000234834580855887
-0.00000000229570556909155
-0.00000000224339920000328
-0.00000000219138306252013
-0.00000000213971641587186
-0.00000000208835886242669
-0.00000000203736716605801
-0.00000000198670407571165
-0.00000000193642394385718
-0.00000000188649256703677
-0.00000000183696194277993
-0.00000000178780085778337
-0.00000000173905900675099
-0.00000000169070807029642
-0.00000000164279553599701
-0.00000000159529586737137
-0.00000000154825443378947
-0.00000000150164838383632
-0.00000000145552102359095
-0.00000000140985212213383
-0.0000000013646829977375
-0.0000000013199959226582
-0.00000000127583031445007
-0.00000000123217086202366
-0.00000000118905515075304
-0.00000000114647019514138
-0.00000000110445181815593
-0.00000000106298926751637
-0.00000000102211668447689
-0.000000000981825453100415
-0.000000000942148102695683
-0.000000000903078067492668
-0.000000000864646337305975
-0.000000000826848299535472
-0.000000000789713479766468
-0.00000000075323913041322
-0.000000000717453382028107
-0.000000000682355255982935
-0.000000000647971564941582
-0.00000000061430301131628
-0.000000000581375154097267
-0.000000000549190285747323
-0.000000000517772792460216
-0.000000000487126454005807
-0.000000000457274558783111
-0.000000000428222288689593
-0.000000000399991896106436
-0.000000000372589879220749
-0.000000000346037527270836
-0.000000000320342557603255
-0.000000000295525372030587
-0.000000000271594813285492
-0.000000000248570468104301
-0.000000000226462213548754
-0.000000000205288890844495
-0.00000000018506132097242
-0.000000000165797669542494
-0.000000000147509611856826
-0.000000000130214707460258
-0.000000000113925394044624
-0.0000000000986586974056012
-0.0000000000844277249404652
-0.0000000000712490400875619
-0.0000000000591363287941811
-0.0000000000481057620015122
-0.0000000000381715134632481
-0.0000000000293494319101151
-0.000000000021654087587793
-0.0000000000151010776014386
-0.00000000000970527761566031
-0.00000000000548210315545134
-0.00000000000244664444431339
-0.000000000000614205360543873
0
